TIME 24 HOURS,COUNTY,ROAD,PLACE,BRIEF ACCIDENT DETAILS,GENDER,AGE,CAUSE CODE,VICTIM,NO.,Date DD/MM/YYYY,year,hour,is_peak_hour
630,MAKUENI,KITUI-ITHOKWE,KITUI SCHOOL,HEAD ON COLLISION,M,26,7.0,M/CYCLIST,1,2016-06-25,2016,6.0,1
830,TAITA TAVETA,MOMBASA-NAIROBI,IKANGA,HEAD ON COLLISION,M,28,25.0,M/CYCLIST,1,2016-06-25,2016,8.0,1
1330,KILIFI,MOMBASA-NAIROBI,KATOLANI,THE UNKNOWN M/V HIT THE MOTOR CYCLE,M,A & J,98.0,M/CYCLIST,1,2016-06-25,2016,13.0,0
2100,NAKURU,NAKURU-NAIROBI,MAASAI LODGE,THE VEHICLE KNOCKED DOWN A PEDESTRIAN WHO WAS CROSSING THE ROAD,M,65,29.0,PEDESTRIAN,1,2016-06-25,2016,21.0,0
1900,MACHAKOS,MATUU-MWINGI,KIVANDINI,THE VEHICLE OVERTOOK A M/CYCLE AND LOST CONTROL VEERING OFF THE ROAD & ROLLED,M,A,10.0,PASSENGER,1,2016-06-25,2016,19.0,1
2130,HOMA BAY,KATITO-KENDU BAY,PAP ONDITI,HIT & RUN,M,A,98.0,PEDESTRIAN,1,2016-06-25,2016,21.0,0
1200,KIRINYAGA,MAKUTANO-MWEA,MUMATI AREA,HEAD ON COLLISION,M & F,J/A,10.0,2 PASSENGERS & DRIVER,3,2016-06-25,2016,12.0,0
1330,NAKURU,KENYATTA AVENUE,NEAR OILIBIA,HEAD ON COLLISION,M,A,26.0,M/CYCLIST,1,2016-06-24,2016,13.0,0
1930,NAIROBI,EASTERN BY PASS,NEAR GULF PETROL STATION,THE VEHICLE KNOCKED DOWN A PEDESTRIAN WHO WAS CROSSING THE ROAD,F,15,63.0,PEDESTRIAN,1,2016-06-24,2016,19.0,1
2030,KIAMBU,NYERI-THIKA,BLUE POST AREA,THE MOTOR CYCLE HIT THE UNKNOWN M/V LOOSING CONTROL AND HIT THE TRAILER,M,17,26.0,P/PASSENGER,1,2016-06-24,2016,20.0,0
1900,MOMBASA,LIKONI-LINGALUNGA,KENANA MARKET,THE LORRY HIT THE MINI BUS AND LOST CONTROL VEERING OFF THE ROAD AND KNOCKED TWO PEDESTRIANS,F,A & J,58.0,2 PEDESTRIANS & PASSENGER,3,2016-06-24,2016,19.0,1
2130,HOMA BAY,KENDU BAY-KASITI,NEAR KENDU BAY TOWN,THE TANKER HIT THE MOTOR CYCLE,M,26,58.0,M/CYCLIST,1,2016-06-24,2016,21.0,0
40,NAKURU,NAKURU-NAIROBI,NEAR GREEN STED AREA,HIT & RUN,M,38,98.0,PEDESTRIAN,1,2016-06-24,2016,0.0,0
300,MERU,MERU-MAUA,MAFUKO AREA,THE PRADO HIT THE MOTOR CYCLE,M,36,29.0,M/CYCLIST,1,2016-06-24,2016,3.0,0
1150,NAKURU,NAKURU NAIROBI,NEAR TUSKYS SUPERMARKET,THE VEHICLE KNOCKED DOWN THE M/CYCLIST,M,35,57.0,M/CYCLIST,1,2016-06-23,2016,11.0,0
330,MIGORI,MIGORI KISII,WASIO AREA,THE VEHICLE LOST CONTROL VEERED OFF THE ROAD AND KNOCKED DOWN THE VICTIM,F,7,19.0,PEDESTRIAN,1,2016-06-23,2016,3.0,0
1700,KISII,KEROKA KISII,NEAR AMBUKA JUNCTION,HEAD ON COLLISION,M,A,8.0,M/CYCLIST,1,2016-06-23,2016,17.0,1
2130,NAKURU,NJORO MAU NAROK,NERA EGERTON UNIVERSITY,THE VEHICLE HIT THE M/CYCLE,M,33,7.0,M/CYCLIST,1,2016-06-23,2016,21.0,0
2130,NAIROBI,HAILE SELASIE ROAD,NEAR CHOO NUMBER 8,THE VEHICLE KNOCKED DOWN THE VICTIM,M,A,98.0,PEDESTRIAN,1,2016-06-23,2016,21.0,0
2100,NAIROBI,GITHUNGURI ROAD,ELSHADAI ROAD,THE VEHICLE KNOCKED DOWN THE M/CYCLIST,M,26,8.0,M/CYCLIST,1,2016-06-23,2016,21.0,0
300,KILIFI,MOMBASA NAIROBI,NEAR BARRACKS JUNCTION,HEAD ON COLLISION,M,36,10.0,DRIVER,1,2016-06-23,2016,3.0,0
800,NAIROBI,HAILE SELASIE,GK PRINTERS,THE VEHICLE KNOCKED DOWN THE VICTIM,F,A,26.0,PEDESTRIAN,1,2016-06-22,2016,8.0,1
800,SIAYA,BONDO USENGE,UDONGO,THE VEHICLE GOT A TYRE BURST AND LOST CONTROL,F,A,26.0,PASSENGER,2,2016-06-22,2016,8.0,1
1015,KIAMBU,RUIRU KIAMBU,KIU RIVER,THE VEHICLE LOST CONTROL AND SWERVED TO THE LEFT,M,A,26.0,PEDESTRIAN,1,2016-06-22,2016,10.0,0
1030,BUNGOMA,KIMILILI CHWELE ROAD,CHWELE,THE VEHICLE HIT THE M/CYCLE,M,29,10.0,M/CYCLIST,1,2016-06-22,2016,10.0,0
1300,NAIROBI,NGONG NAIROBI,KOBIL P/STATION,THE VEHICLE KNOCKED DOWN THE VICTIM,M,37,16.0,PEDESTRIAN,1,2016-06-22,2016,13.0,0
2130,KILIFI,KILIFI MSA ROAD,VIPINGO,HIT AND RUN,F,19,98.0,PEDESTRIAN,1,2016-06-22,2016,21.0,0
640,NAIROBI,THIKA SUPER HIGHWAY,HOMELAND ZEBRA CROSSING,THE VEHICLE KNOCKED DOWN THE VICTIM,M,A,14.0,PEDESTRIAN,1,2016-06-21,2016,6.0,1
900,KWALE,MSAMBWENI UKUNDA,MWABUNGO AREA,THE VEHICLE KNOCKED DOWN THE VICTIM,M,30,17.0,M/CYCLIST,1,2016-06-21,2016,9.0,1
1300,MERU,MERU MAUA,KIRAENE AREA,THE VEHICLE KNOCKED DOWN THE VICTIM,F,13,7.0,P/CYCLIST,1,2016-06-21,2016,13.0,0
2225,MAKUENI,NAIROBI MOMBASA,NEAR MAKINDU TOWN,THE VEHICLE HIT THE M/CYCLE,M,A,10.0,M/CYCLIST,1,2016-06-21,2016,22.0,0
2225,MAKUENI,NAIROBI MOMBASA,NEAR MAKINDU TOWN,THE VEHICLE HIT THE M/CYCLE,M,A,10.0,P/PASSENGER,1,2016-06-21,2016,22.0,0
115,NANDI,ELDORET KITALE,SOI BRIDGE,HEAD ON COLLISION,M,32,98.0,DRIVER,1,2016-06-21,2016,1.0,0
545,NAIROBI,LANDHIES,NEAR NASIKO COOP BANK,HIT AND RUN,M,30,98.0,PEDESTRIAN,1,2016-06-20,2016,5.0,0
720,NAIROBI,KAMOROCK,MSAPONI COURT EATATE GATE,THE VEHICLE KNOCKED DOWN THE VICTIM,F,A,26.0,PEDESTRIAN,1,2016-06-20,2016,7.0,1
1525,TRANS NZOIA,ELDORET KITALE,SOI BRIDGE,THE CYCLE LOST CONTROL AND HIT THE VEHICLE,M,29,20.0,M/CYCLIST,1,2016-06-20,2016,15.0,0
1525,SIAYA,LUANDA KOTIENO NDORI,MITURI AREA,THE VEHICLE KNOCKED DOWN THE VICTIM,F,1.5,29.0,P/PASSENGER,1,2016-06-20,2016,15.0,0
1930,NAIROBI,SOUTHERN BY PASS,NGONG ROAD JUNCTION,THE VEHICLE KNOCKED DOWN THE VICTIM,F,57,98.0,PEDESTRIAN,1,2016-06-20,2016,19.0,1
2100,KAJIADO,KITENGELA ISINYA,KIMALAT AREA,THE VEHICLE KNOCKED DOWN THE VICTIM,M,A,68.0,PEDESTRIAN,1,2016-06-20,2016,21.0,0
2130,KIAMBU,NAIVASHA NAIROBI,KIAMBAA AREA,THE VEHICLE KNOCKED DOWN THE VICTIM,M,35,68.0,PEDESTRIAN,1,2016-06-20,2016,21.0,0
1230,NAIROBI,MOMBASA,IMARA DAIMA,THE VEHICLE KNOCKED DOWN THE VICTIM WHO WAS CROSSING THE ROAD,M,J,60.0,PEDESTRIAN,1,2016-06-19,2016,12.0,0
1100,KILIFI,KILIFI-MALINDI,CHUMANI,HEAD ON COLLISION,M,A,10.0,MOTOR CYCLIST & P/PASSENGER,2,2016-06-19,2016,11.0,0
2100,NAKURU,NAKURU-ELDORET,MOLO RIVER,HIT & RAN,M,A,98.0,PEDESTRIAN,1,2016-06-19,2016,21.0,0
2100,NAIROBI,JOGOO,MAZIWA,THE BUS HIT THE MOTOR CYCLE FROM BEHIND,M,30,30.0,MOTOR CYCLIST,1,2016-06-19,2016,21.0,0
UNKNOWN TIME,KWALE,MSA VOI ROAD,PIPELINE,HIT AND RUN,M,A,98.0,PEDESTRIAN,1,2016-06-18,2016,,0
1120,KILIFI,KILIFI MOMBASA,GOROFANI AREA,THE VEHICLE HIT THE M/CYCLE,M,36,26.0,P/PASSENGER,1,2016-06-18,2016,11.0,0
1500,KIAMBU,KIJABE GICHIEGO ROAD,GICHIEGO,THE VEHICLE LOST CONTROL AND RAMMD INTO A TREE,M,A,26.0,DRIVER,1,2016-06-18,2016,15.0,0
1500,KIAMBU,KIJABE GICHIEGO ROAD,GICHIEGO,THE VEHICLE LOST CONTROL AND RAMMD INTO A TREE,M,A,26.0,PASSENGER,2,2016-06-18,2016,15.0,0
1830,NAIROBI,PARKLANDS MUTHAMA,MUTHAMA JUNCTION,THE CYCLE WAS HIT BY THE MOTOR VEHICLE,M,40,7.0,M/CYCLIST,1,2016-06-18,2016,18.0,1
2030,KISII,KISII KILGORIS ROAD,GUCHA,THE VEHICLE KNOCKED DOWN THE VICTIM,M,A,7.0,PEDESTRIAN,1,2016-06-18,2016,20.0,0
1830,HOMA BAY,KISII MIGORI,GUCHA BRIDGE,HEAD ON COLLISION,F,A,26.0,PASSENGER,1,2016-06-18,2016,18.0,1
2100,KAJIADO,KISERIAN ISINYA,DAWAMU,HEAD ON COLLISION,M,33,22.0,M/CYCLIST,1,2016-06-18,2016,21.0,0
2330,UASIN GISHU,KITALE WEBUYE,KIMININI,THE VEHICLE HIT THE M/CYCLE,M,27,8.0,P/PASSENGER,1,2016-06-18,2016,23.0,0
2200,NAKURU,ELDORET NAKURU,NGONG,THE VEHICLE KNOCKED DOWN THE VICTIM,M,A,68.0,PEDESTRIAN,1,2016-06-18,2016,22.0,0
2230,NAROK,NAROK OLOPITO,OLOPITO,HIT AND RUN,M,A,98.0,PEDESTRIAN,1,2016-06-18,2016,22.0,0
110,NAIROBI,NGONG ROAD,PATHWAY JUNCTION,HIT AND RUN,M,40,98.0,PEDESTRIAN,1,2016-06-18,2016,1.0,0
900,KAJIADO,OLENARA IMPORO,IMPORO AREA,THE VEHICLE LOST CONTROL VEERED OFF THE ROAD AND KNOCKED DOWN THE VICTIM,M,A,80.0,PASSENGER,1,2016-06-17,2016,9.0,1
1920,NAIROBI,WAIYAKI WAY,KANGEMI MARKET,THE VEHICLE KNOCKED DOWN THE VICTIM,M,36,60.0,PEDESTRIAN,1,2016-06-17,2016,19.0,1
2245,KERCHO,KERICHO NAKURU,AISUKU AREA,HEAD ON COLLISION,M,A,10.0,PASSENGER,1,2016-06-17,2016,22.0,0
2010,KAKAMEGA,MUMIAS KAKAMEGA,MWITOTI AREA,HIT AND RUN,M,"17,43",98.0,PEDESTRIAN,2,2016-06-17,2016,20.0,0
2045,KAKAMEGA,MATUNGU OKALLO MURRAM ROAD,MAKALE,THE VEHICLE KNOCKED DOWN THE VICTIM,M,A,44.0,M/CYCLIST,1,2016-06-17,2016,20.0,0
645,KAKAMEGA,EKERO EBUHANGA,EBOKOLO,HIT AND RAN,M,26,98.0,PEDESTRIAN,1,2016-06-16,2016,6.0,1
900,HOMA BAY,KENDU BAY-KATITO,BIAFRA,HIT AND RAN,M,A,98.0,PEDESTRIAN,1,2016-06-16,2016,9.0,1
2100,NYERI,NYERI-NANYUKI,NATIONAL OIL PETROL STATION,THE VEHICLE KNOCKED DOWN THE VICTIM,M,A,50.0,PEDAL CYCLIST,1,2016-06-16,2016,21.0,0
220,NAROK,NAROK-MAIMAHIU,MALTAURO,THE VEHICLE LOST CONTROL AND LANDED INTO A DITCH,F,A,78.0,PASSENGER,1,2016-06-16,2016,2.0,0
2015,KERICHO,BURET NGOINA,NGOINA JUNCTION,THE PROBOX WAS OVERTAKING UNKNOWN M/V HENCE COLLIDED HEAD ON WITH THE PETROL TANKER,M,A,10.0,7 PASSENGERS 1 DRIVER,8,2016-06-16,2016,20.0,0
930,MOMBASA,MAINLAND-JOMVU,WAYANI AREA,HEAD ON COLLISION,M,19 & 21,26.0,M/CYCLIST & P/PASSENGER,2,2016-06-15,2016,9.0,1
1800,NAIROBI,SOUTHERN BY PASS,CHINESE CONSTRUCTION SITE,THE BUS KNOCKED DOWN THE VICTIM WHO WAS CROSSING THE ROAD,M,30,60.0,PEDESTRIAN,1,2016-06-15,2016,18.0,1
1930,UASIN GISHU,ELDORET -KAPSABET,LESSOS AREA,THE TRACTOR LOST CONTROL AND HIT A PEDESTRIAN,M,28,26.0,PEDESTRIAN,1,2016-06-15,2016,19.0,1
2030,NAKURU,ELEMENTAITA-GACHUMA,KAHURUKO,THE DRIVER FELL DOWN AND WAS RUN OVER BY THE REAR RIGHT WHEEL,M,55,50.0,DRIVER,1,2016-06-15,2016,20.0,0
1210,EMBU,MWEA EMBU,KIMBIMBI,THE VEHICLE KNOCKED DOWN THE VICTIM,M,78,60.0,PEDESTRIAN,1,2016-06-14,2016,12.0,0
900,TAITA TAVETA,NAIROBI MOMBASA,MACKINON,THE VEHICLE KNOCKED DOWN THE VICTIM,F,A,92.0,PEDESTRIAN,1,2016-06-14,2016,9.0,1
1700,KISII,KEROKA SOTIK,RIBUOKA AREA,HEAD ON COLLISION,M,A,7.0,DRIVER,1,2016-06-14,2016,17.0,1
1730,NAKURU,NAKURU GILGIL,GREENSTEAD SCHOOL,THE VEHICLE KNOCKED DOWN THE VICTIM,M,60,60.0,PEDESTRIAN,1,2016-06-14,2016,17.0,1
1830,NAIROBI,NORTH AIRPORT,NEAR NAKUMATT,THE VEHICLE KNOCKED DOWN THE VICTIM,M,A,26.0,PEDESTRIAN,1,2016-06-14,2016,18.0,1
100,NAIROBI,SOUTHERN BY PASS,NDUNYU,THE VEHICLE LOST CONTROL AND VEERED OFF THE ROAD,M,30,26.0,DRIVER,1,2016-06-14,2016,1.0,0
2350,KAJIADO,MAGADI KISERIAN,ST.PATRICK,HEAD ON COLLISION,M,32,92.0,M/CYCLIST,1,2016-06-14,2016,23.0,0
1830,NAKURU,NAKURU NAIROBI,MANDERA HOUSE,THE VEHICLE KNOCKED DOWN THE VICTIM,M,A,26.0,M/CYCLIST,1,2016-06-14,2016,18.0,1
1900,MAKUENI,MOMBASA-NAIROBI,NGAAMA JUNCTION,THE TRAILER RAMMED INTO THE RARE OF THE MOTOR CYCLE,M,A,29.0,M/CYCLIST,1,2016-06-13,2016,19.0,1
2000,NAIROBI,MOMBASA,NEAR GENERAL MOTORS,THE VEHICLE KNOCKED DOWN THE VICTIM WHO WAS CROSSING THE ROAD,M,A,61.0,PEDESTRIAN,1,2016-06-13,2016,20.0,0
2020,KAKAMEGA,SIAYA-LUANDA,GITOMBU AREA,THE MATATU HIT A MOTOR CYCLE,M,A,50.0,M/CYCLIST,1,2016-06-13,2016,20.0,0
1945,KILIFI,MARIAKANI-KALOLENI,MWAMBA NYUNDO AREA,"THE VEHICLE LOST CONTROL, VEERED OFF THE ROAD AND KNOCKED DOWN A PEDESTRIAN WHO WAS WALKING ASIDE THE ROAD",M,A,26.0,PEDESTRIAN,1,2016-06-13,2016,19.0,1
630,NAIROBI,KANGUNDO,NEAR MOWLEMROAD JUNCTION,THE CYCLE LOST CONTROL AND FELL DOWN,M,21,54.0,M/CYCLIST,1,2016-06-12,2016,6.0,1
1215,UASIN GISHU,NAKURU ELDORET,AT ANNEX,THE VEHICLE KNOCKED DOWN THE VICTIM,F,35,25.0,P/PASSENGER,1,2016-06-12,2016,12.0,0
1130,KERICHO,KAPLONG LITEIN,DARAJA SITA,THE VEHICLE LOST CONTROL AND KNOCKED DOWN THE VICTIM,M,9,26.0,PEDESTRIAN,1,2016-06-12,2016,11.0,0
1920,MAKUENI,KANGUNDO NAIROBI,KALAAH KWARE BRIDGE,THE VEHICLE LOST CONTROL AND VEERED OFF THE ROAD,2M & 2F,A,26.0,4 PASSENGER 1 DRIVER,5,2016-06-12,2016,19.0,1
2000,NAIROBI,THIKA,ROOSTERS,THE VEHICLE KNOCKED DOWN THE VICTIM,M,14,98.0,PEDESTRIAN,1,2016-06-12,2016,20.0,0
2140,KISUMU,KATITO KENDU,KUSA,THE VEHICLE KNOCKED DOWN THE VICTIM,M,40,98.0,PEDESTRIAN,1,2016-06-12,2016,21.0,0
2330,NAIROBI,KANGUNDO,BEN ROSE AREA,HEAD ON COLLISION,M,38,10.0,DRIVER,1,2016-06-12,2016,23.0,0
115,BUNGOMA,WEBUYE BUNGOMA,SIKATA AREA,THE VEHICLE LOST CONTROL AND RAMMED INTO THE TRAILER,M,A,7.0,DRIVER,1,2016-06-12,2016,1.0,0
1100,TRANS NZOIA,KITALE-ELDORET,KEPHIS,HEAD ON COLLISION,F,J,26.0,PASSENGER,1,2016-06-11,2016,11.0,0
1300,MOMBASA,MOMBASA-NAIROBI,BANGLA AREA,THE VEHICLE KNOCKED DOWN A PEDESTRIAN WHO WAS CROSSING THE ROAD,M,36,10.0,PEDESTRIAN,1,2016-06-11,2016,13.0,0
1250,UASIN GISHU,KERICHO-KISUMU,KAPKAWA,THE VEHICLE LOST CONTROL AND LANDED IN A DITCH,M,40,26.0,DRIVER,1,2016-06-11,2016,12.0,0
1240,EMBU,LAARE-MATUATI,MZALENDO,THE VEHICLE LOST CONTROL AND KNOCKED DOWN A PEDESTRIAN WHO WAS CROSSING THE ROAD,F,10,26.0,PEDESTRIAN,1,2016-06-11,2016,12.0,0
400,NYERI,OTHAYA-NYERI,NDUNYO,"THE VEHICLE LOST CONTROL, VEERED OFF THE ROAD AND LANDED IN A DITCH",M,70 & 66,26.0,DRIVER PASSENGER,2,2016-06-11,2016,4.0,0
2020,EMBU,EMBU-MERU,KIVUE,HEAD ON COLLISION,M,A,7.0,MOTOR CYCLIST P/PASSENGER,2,2016-06-11,2016,20.0,0
2040,NAKURU,NAKURU-NAIROBI,NAIVAS,HIT & RAN,M,30,98.0,PEDESTRIAN,1,2016-06-11,2016,20.0,0
1240,KIAMBU,THIKA-GATHIMA,GATUANYAGA,THE TRUN BOY WAS RAN OVER BY THE LORRY WHEN HE TRIED TO ALIGHT FROM IT WHILE MOVING,M,A,59.0,PASSENGER,1,2016-06-11,2016,12.0,0
2330,NAROK,NAROK-BOMET,BOMET,HIT & RAN,M,A,98.0,PEDESTRIAN,1,2016-06-11,2016,23.0,0
730,NYERI,KANGEMA KIRIAI,KANJAMA AREA,THE VEHICLE KNOCKED DOWN THE VICTIM,F,12,16.0,PEDESTRIAN,1,2016-06-10,2016,7.0,1
1215,NAIROBI,JOGOO,NEAR UCHUMI,THE VEHICLE KNOCKED DOWN THE VICTIM,M,A,28.0,PEDESTRIAN,1,2016-06-10,2016,12.0,0
930,NAKURU,LANET NDUNDURI,NEAR NDUNDURI CENTRE,THE CYCLE LOST CONTROL AND THE VICTIM JUMPED AND WAS OVER RAN BY THE VEHICLE,M,A,71.0,P/PASSENGER,1,2016-06-10,2016,9.0,1
1200,EMBU,EMBU MERU,GATUNDURI,HEAD ON COLLISION,M,A,39.0,M/CYCLIST,1,2016-06-10,2016,12.0,0
1730,NAIROBI,THIKA SUPERHIGHWAY,NEAR NGARA FOOT BRIDGE,THE VEHICLE GOT A TYRE BURST LOST CONTROL AND HIT THE PAVEMENT,M,27,79.0,DRIVER,1,2016-06-10,2016,17.0,1
2330,KWALE,UKUNDA LIKONI,KING BRIDGE,THE VEHICLE KNOCKED DOWN THE VICTIM,M,40,26.0,P/CYCLIST,1,2016-06-10,2016,23.0,0
2100,NAKURU,NAROK MAIMAHIU,SETLITE AREA,THE VEHICLE KNOCKED DOWN THE VICTIM,M,54,60.0,PEDESTRIAN,1,2016-06-10,2016,21.0,0
230,MURANGA,SAGANA MAKUTANO,SUICITI AREA,THE VEHICLE KNOCKED DOWN THE VICTIM,M,38,10.0,M/CYCLIST,1,2016-06-10,2016,2.0,0
300,MOMBASA,LINKS ROAD,NEAR KENOL,THE VEHICLE KNOCKED DOWN THE VICTIM,M,A,26.0,M/CYCLIST,1,2016-06-10,2016,3.0,0
930,KIAMBU,KIMUNYE KUTUS ROAD,KARIA,THE VEHICLE LOST CONTROL AND SWERVED HITTING A TREE,M,40,26.0,DRIVER,1,2016-06-09,2016,9.0,1
950,BUSIA,BUSIA KISUMU ROAD,BUSIA TOWNSHIP,THE CYCLE LOST CONTROL AND FELL ON THE TARMAC AND WAS OVER RAN BY THE VEHICLE,M,35,26.0,M/CYCLIST,1,2016-06-09,2016,9.0,1
2025,MACHAKOS,MACHAKOS KITUI RD,KYUA,THE VEHICLE FAILED TO KEEP TO THE NEAR SIDE OF THE ROAD AND LOST CONTROL OF THE VEHICLE,M,A,8.0,PASSENGER,4,2016-06-09,2016,20.0,0
2120,KISII,IKONGE MAGWAGWA ROAD,KERUBE,THE VEHICLE LOST CONTROL WHILE NEGOTIATING A CORNER,M,30,26.0,DRIVER,1,2016-06-09,2016,21.0,0
2345,NAKURU,OLENGURUONE ROAD,NYARUI,THE CYCLE RAMMED INTO THE VEHICLE,M,47,26.0,P/PASSENGER,1,2016-06-09,2016,23.0,0
1100,MURANG'A,MURANG'A SAGANA,NEAR SAGANA,THE CYCLE LOST CONTROL AND FELL OFF,M,A,98.0,M/CYCLIST,1,2016-06-08,2016,11.0,0
1800,KERICHO,KERICHO NAKURU,CHAGAIK,HIT AND RUN,M,35,98.0,M/CYCLIST,1,2016-06-08,2016,18.0,1
2200,KWALE,LUNGALUNGA VANGA,LUNGALUNGA SHOPPING CENTRE,THE KMDK HIT THE REAR OF THE OTHER CYCLE,M,17,10.0,P/PASSENGER,1,2016-06-08,2016,22.0,0
1800,MAKUENI,WOTE MAKINDU,KISENE BRIDGE,THE VEHICLE LOST CONTROL AND PLUNGED INTO THE MISEKE BRIDGE,M,A,26.0,PASSENGER,5,2016-06-08,2016,18.0,1
1230,MIGORI,KEHANCHA NTIMARU,KEHANCHA TOWN,HIT AND RUN,M,A,98.0,M/CYCLIST,1,2016-06-08,2016,12.0,0
1230,MIGORI,KEHANCHA NTIMARU,KEHANCHA TOWN,HIT AND RUN,M,A,98.0,P/PASSENGER,1,2016-06-08,2016,12.0,0
810,KAKAMEGA,ELDORET WEBUYE,CHEMOI,HIT AND RUN,M,23,98.0,PEDESTRIAN,1,2016-06-07,2016,8.0,1
915,MAKUENI,KABATI TOWNSHIP,KABATI TOWNSHIP,THE VEHICLE HIT THE M/CYCLIST,M,70,10.0,M/CYCLIST,1,2016-06-07,2016,9.0,1
1530,NAIROBI,KANGUNDO,KAMULU,THE VEHICLE KNOCKED DOWN THE VICTIM,F,A,,PEDESTRIAN,1,2016-06-07,2016,15.0,0
2055,NAIROBI,LUSAKA,CAR AND GENERAL,THE VEHICLE LOST CONTROL AND OVERTURNED,F,A,26.0,PASSENGER,1,2016-06-07,2016,20.0,0
30,MIGORI,KEHANCHA NTIMARU,KEHANCHA TOWN,HIT AND RUN,M,A,98.0,M/CYCLIST,1,2016-06-07,2016,0.0,0
1710,VIHIGA,KAKAMEGA KISUMU,STANDIKISIA,THE VEHICLE LOST CONTROL AND HIT THE VICTIM,M,18,26.0,M/CYCLIST,1,2016-06-07,2016,17.0,1
700,KILIFI,MOMBASA-NAIROBI,MAZERAS,HIT & RAN,M,41,98.0,PEDESTRIAN,1,2016-06-06,2016,7.0,1
1130,KAJIADO,KITENGELA-KAJIADO,STAGE 22,THE VEHICLE HIT A PEDESTRIAN WHO WAS CROSSING THE ROAD,M,A,59.0,PEDESTRIAN,1,2016-06-06,2016,11.0,0
2030,MACHAKOS,MATUU-THIKA,KWA MAKAA,THE HILLUX FAILED TO KEEP DISTANCE AND HIT A TRACTOR,M,48,10.0,PASSENGER,1,2016-06-06,2016,20.0,0
1925,MAKUENI,MOMBASA-NAIROBI,KIUNDWANI,HEAD ON COLLISION,M,A,10.0,MOTOR CYCLIST,1,2016-06-06,2016,19.0,1
1930,GARISSA,GARISSA ROAD,ELDERE,"THE STEERING ROD BROKE, LOST CONTROL & LANDED ON THE LEFT","2M, F",A,80.0,PASSENGERS,3,2016-06-06,2016,19.0,1
1630,MOMBASA,LIKONI-FERRY,FERRY TERMINUS,THE VEHICLE POWER FAILED AND ROLLED,M,A,81.0,DRIVER,1,2016-06-06,2016,16.0,0
745,MAKUENI,MOMBASA-NAIROBI,NEAR SULTAN,THE SAID M/V COLLIDED HEAD ON,M,A,98.0,DRIVER,1,2016-06-05,2016,7.0,1
1130,KIRINYAGA,KUTUS-KERUGOYA,NEAR ST.TERESA CATHOLIC CHURCH,THE SAID M/V KNOCKED DOWN PEDESTRIAN,M,J,60.0,PEDESTRIAN,1,2016-06-05,2016,11.0,0
1004,NAKURU,NAKURU-ELEMENTAITA,MZEE WANYAM AREA,THE SAID M/V SUDDENLY STOPPED AT THE MIDDLE OF THE ROAD AND WAS HIT FROM THE REAR OF THE SAID M/CYCLE,M,A,28.0,RIDER,1,2016-06-05,2016,10.0,0
1000,BARINGO,NGARATUK O-SIBILO,BARINGO NORTH,THE SAID M/V COLLIDED HEAD ON WITH THE SAID M/CYCLE,M,57,98.0,RIDER,1,2016-06-05,2016,10.0,0
1530,LAIKIPIA,BIASHARA STREET,NANYUKI TOWNSHIP,THE SAID M/V KNOCKED DOWN PEDESTRIAN,F,J,6.0,PEDESTRIAN,1,2016-06-05,2016,15.0,0
1400,SIAYA,SIAYA NYANDORERA,MWERI AREA,THE SAID M/V OF KANGA HIGH SCHOOL HIT THE SAID M/CYCLE,M,A,38.0,P/PASSENGER,1,2016-06-05,2016,14.0,0
2040,NAKURU,NJORO-ELBURGON,KINANA FARM,THE SAID M/V KNOCKED DOWN PEDESTRIAN,M,73,60.0,PEDESTRIAN,1,2016-06-05,2016,20.0,0
2100,EMBU,EMBU-KIRITIRI,MURARU,UNKNOWN M/V KNOCKED DOWN A PEDESTRIAN,M,3,7.0,PEDESTRIAN,1,2016-06-05,2016,21.0,0
500,KIAMBU,THIKA ROAD,TOLL AREA,THE VEHICLE RAMMED INTO REAR OF THE M/V KBU 899Z,M,A,4.0,DRIVER,1,2016-06-04,2016,5.0,0
800,NAIROBI,KANGUNDO,RUAI CENTRE,THE VEHICLE KNOCKED DOWN THE VICTIM,M,A,98.0,PEDESTRIAN,1,2016-06-04,2016,8.0,1
1430,BUNGOMA,CHAVAKALI KILINGILI,KILINGILI,THE VEHICLE LOST CONTROL AND VEERED AND KNOCKED DOWN THE VICTIM,M,A,26.0,PEDESTRIAN,1,2016-06-04,2016,14.0,0
1610,HOMA BAY,AWASI AHERO ROAD,MAGENDO,HEAD ON COLLISION,M,A,26.0,M/CYCLIST,1,2016-06-04,2016,16.0,0
1610,HOMA BAY,AWASI AHERO ROAD,MAGENDO,HEAD ON COLLISION,M,A,26.0,P/PASSENGER,1,2016-06-04,2016,16.0,0
2000,NAIROBI,THIKA SUPER HIGHWAY,MUTHAIGA FOOT BRIDGE,HIT AND RUN,M,A,98.0,PEDESTRIAN,1,2016-06-04,2016,20.0,0
1800,UASIN GISHU,ELDORET NAKURU,TIMBOROA,HEAD ON COLLISION,F,J,19.0,PASSENGER,1,2016-06-04,2016,18.0,1
1930,KISII,KISII MARANI,NYATIEKO,THE VEHICLE COLLIDED WITH A M/CYCLE,M,A,98.0,P/PASSENGER,2,2016-06-04,2016,19.0,1
1930,KISII,KISII MARANI,NYATIEKO,THE VEHICLE COLLIDED WITH A M/CYCLE,M,A,98.0,M/CYCLIST,1,2016-06-04,2016,19.0,1
2230,BUNGOMA,WEBUYE KITALE ROAD,MISIKHU,THE CYCLE KNOCKED DOWN THE VICTIM,F,60,7.0,PEDESTRIAN,1,2016-06-04,2016,22.0,0
2200,NAIROBI,GATAKA DIVERSION,GATAKA,THE VEHICLE LOST CONTROL AND SLID INTO A QUARRY,M,A,26.0,PASSENGER,1,2016-06-04,2016,22.0,0
500,BUNGOMA,BUNGOMA WEBUYE ROAD,SIKATA,HIT AND RUN,M,A,98.0,PEDESTRIAN,1,2016-06-02,2016,5.0,0
400,MURANG'A,KENOL MURANG'A ROAD,KARIGIA,THE VEHICLE LOST CONTROL AND ROLLED SEVERAL TIMES,F,19,26.0,PASSENGER,1,2016-06-02,2016,4.0,0
1930,UASIN GISHU,NAKURU ELDORET,CHEBII,HEAD ON COLLISION,F,A,39.0,PASSENGER,1,2016-06-02,2016,19.0,1
2300,NAKURU,NAIROBI NAKURU,STATE HOUSE,HIT AND RUN,M,A,98.0,PEDESTRIAN,1,2016-06-02,2016,23.0,0
2340,KAJIADO,KAJIADO MURRAM ROAD,MAILI,THE VICTIM WAS RAN OVER BY THE VEHICLE,M,A,98.0,PASSENGER,1,2016-06-02,2016,23.0,0
1100,KIAMBU,NAIVASHA NAIROBI,ACRE TANO,THE CYCLE KNOCKED DOWN THE VITIM WHILE CROSSING THE ROAD,F,A,68.0,PEDESTRIAN,1,2016-06-01,2016,11.0,0
725,KAJIADO,KITENGELA ISINYA ROAD,KITENGELA TOWN,THE VEHICLE RAMMED INTO THE TRI CYCLE AND RAMMED INTO THE KAZ,M,A,35.0,PASSENGER,1,2016-06-01,2016,7.0,1
1345,NAIROBI,MOMBASA ROAD,NEAR ASSEMBLEYS OF GOD CHURCH,THE VEHICLE KNOCKED DOWN THE VICTIM,M,A,68.0,PEDESTRIAN,1,2016-06-01,2016,13.0,0
1400,NAIROBI,HAILE SELASIE AVENUE,NEAR RAILWAYS ROUND ABOUT,THE VICTIM ALIGHTED WHILE THE VEHICLE WAS IN MOTION,M,A,98.0,PASSENGER,1,2016-06-01,2016,14.0,0
1540,MAKUENI,WOTE MAKINDU,KINSINGO AREA,ONE OF THE CYCLE LOST CONTROL AND RAMMED INTO THE OTHER CYCLE,M,A,26.0,M/CYCLIST,1,2016-06-01,2016,15.0,0
2030,NAIROBI,OUTERING ROAD,FEDHA ESTATE,HIT AND RUN,M,A,98.0,PEDESTRIAN,1,2016-06-01,2016,20.0,0
2020,MWINGI,MWINGI GARISSA RD,NDALANI BRIDGE,HEAD ON COLLISION,M,A,98.0,DRIVER,1,2016-06-01,2016,20.0,0
2020,MWINGI,MWINGI GARISSA RD,NDALANI BRIDGE,HEAD ON COLLISION,M,A,98.0,PASSENGER,1,2016-06-01,2016,20.0,0
815,BOMET,BOMET NAROK,MULOT,HEAD ON COLLISION,M,A,,DRIVER,1,2016-04-30,2016,8.0,1
,TAITA TAVETA,MWATATE VOI,CKAHARELI,HEAD ON COLLISION,M,A,8.0,M/CYCLIST,1,2016-04-30,2016,,0
,TAITA TAVETA,MWATATE VOI,CKAHARELI,HEAD ON COLLISION,M,A,8.0,P/PASENGER,1,2016-04-30,2016,,0
1330,KISII,KEROKA TOWNSHIP,KEROKA TOWNSHIP,THE VEHICLE KNOCKED DOWN THE VICTIM,M,20,58.0,PEDESTRIAN,1,2016-04-30,2016,13.0,0
1820,BUSIA,KISUMU BUSIA,RAKITE BRIDGE,HEAD ON COLLISION,M,A,8.0,M/CYCLIST,1,2016-04-30,2016,18.0,1
1945,KILIFI,MALINDI MALANGA,MAGOMBENI,THE VEHICLE LOST CONTROL AND ROLLED SEVERAL TIMES,M,A,92.0,PASSENGER,1,2016-04-30,2016,19.0,1
2100,MAKUENI,NAIROBI MOMBASA,KIONGWANI,,M,A,,DRIVER,1,2016-04-30,2016,21.0,0
2045,NAKURU,GILGIL NAKURU,JAKARANDA,HIT AND RUN,M,A,98.0,PEDESTRIAN,1,2016-04-30,2016,20.0,0
2230,NAIROBI,KANGUNDO,KWA POWER,THE VEHICLE KNOCKED DOWN THE VICTIM,M,A,98.0,PEDESTRIAN,1,2016-04-30,2016,22.0,0
2330,NAIROBI,MURANGA,NAIROBI WATER,HIT AND RUN,M,A,63.0,PEDESTRIAN,1,2016-04-30,2016,23.0,0
2300,NAIROBI,WAIYAKI,NAIROBI SCHOOL,THE VEHICLE LOST CONTROL AND ROLLED SEVERALLY,M,A,26.0,PASSENGER,1,2016-04-30,2016,23.0,0
355,NAIROBI,MOMBASA,FAW,HIT AND RUN,M,A,98.0,PEDESTRIAN,1,2016-04-30,2016,3.0,0
610,MOMBASA,MAINLAND JOMVU,JOMVU AREA,THE CYCLE HIT THE TRAILER FROM THE REAR,M,A,10.0,M/CYCLIST,1,2016-04-29,2016,6.0,1
815,KILIFI,KILIFI VITENGENI,EZAMOYO AREA,THE KMDG 044E RAMMED INTO THE VEHICLE AND THEN THE KMDH 025K BOXER,M,23 & 27,10.0,M/CYCLIST,2,2016-04-29,2016,8.0,1
UNKNOWN TIME,MAKUENI,MUSYINI KYULU MURRAM ROAD,KAMBU AREA,HIT AND RUN,M,30,98.0,PEDESTRIAN,1,2016-04-29,2016,,0
1600,MACHAKOS,WITHIN MACHAKOS TOWN,BUS STAGE,THE VEHICLE KNOCKED DOWN THE VICTIM,M,3,98.0,PEDESTRIAN,1,2016-04-29,2016,16.0,0
1900,NYAMIRA,KEROKA SOTIK,KISAURI AREA,THE CYCLE HIT THE VEHICLE,M,28,52.0,M/CYCLIST,1,2016-04-29,2016,19.0,1
2040,KIAMBU,KIJABE NAIVASHA,GICHIEGO JUNCTION,HIT AND RUN,M,21,98.0,PEDESTRIAN,1,2016-04-29,2016,20.0,0
2030,NAIROBI,PROFESSIONAL ROAD,NEAR STATE HOUSE,THE VEHICLE RAMMED INTO THE REAR,M,49,29.0,DRIVER,1,2016-04-29,2016,20.0,0
2100,KISII,KISII KILGORIS,MASHAURI AREA,THE VEHICLE VEERED OFF THE ROAD AND KNOCKED DOWN THE VICTIM,M,A,98.0,PEDESTRIAN,1,2016-04-29,2016,21.0,0
1920,EMBU,KIAMBERE BOLRIT,MUTUVALI JUNCTION,THE CYCLE KNOCKED DOWN THE VEHICLE,M,32,98.0,M/CYCLIST,1,2016-04-29,2016,19.0,1
1720,NAIROBI,NORTH AIRPORT ROAD,TRANSAMI AREA,THE VEHICLE KNOCKED DOWN THE VICTIM,M,28,63.0,PEDESTRIAN,1,2016-04-29,2016,17.0,1
2030,NAIROBI,THIKA SUPERHIGHWAY,MUTHAIGA UNDER PASS,THE VEHICLE KNOCKED DOWN THE VICTIM,M,A,63.0,PEDESTRIAN,1,2016-04-29,2016,20.0,0
200,KIAMBU,THIKA GARISSA,MAGUNGUNI AREA,HEAD ON COLLISION,M,20,69.0,M/CYCLIST,1,2016-04-29,2016,2.0,0
945,LAIKIPIA,NANYUKI NYERI,EQUATOR,THE FIELDER RAMMED INTO THE STATIONARY VEHICLE,M,A,29.0,DRIVER,1,2016-04-26,2016,9.0,1
1030,KERICHO,KERICHO NAKURU,DUKA MOJA,THE CYCLE WAS HIT BY THE LORRY,M,26,98.0,M/CYCLIST,1,2016-04-26,2016,10.0,0
1210,HOMA BAY,RODI KOPANY RANGWE,TAUSI,THE VEHICLE KNOCKED DOWN THE VICTIM WHILE CROSSING THE ROAD,F,11,,PEDESTRIAN,1,2016-04-26,2016,12.0,0
1100,KAKAMEGA,MATUNGU PANYA,PATH ROUTE,THE VICTIM WAS ON TOP OF A TREE WHEN HE FELL DOWN ONTO THE TRUCK,M,5,64.0,PEDESTRIAN,1,2016-04-26,2016,11.0,0
1430,MAKUENI,MOMBASA NAIROBI,MIGINGO AREA,THE CYCLIST LOST CONTROL AND ROLLED SEVERALL TIMES,M,23,98.0,M/CYCLIST,1,2016-04-26,2016,14.0,0
1230,EMBU,KIANGOKOMA TRADING CENTRE,MUNGANIA,THE CYCLIST KNOCKED DOWN THE VICTIM WHILE CROSSING THE ROAD,F,40,26.0,PEDESTRIAN,1,2016-04-26,2016,12.0,0
800,NAIROBI,MOMBASA,CABANAS,THE LORRY KNOCKED DOWN THE M/CYCLIST,M,A,,P/PASSENGER,1,2016-04-26,2016,8.0,1
2100,BARINGO,KABARNET MARIGAT,SESYA TRADING CENTRE,THE VEHICLE LOST CONTROL WHILE NEGOTIATING A SHARP CORNER AND LANDED INTO A DITCH,M,29,26.0,DRIVER,1,2016-04-26,2016,21.0,0
2315,BOMET,BOMET SOTIK,LONGISA SECONDARY SCHOOL,"THE VEHICLE LOST CONTROL,VEERED OFF THE ROAD AND LANDED INTO A DITCH",M,A,26.0,DRIVER,1,2016-04-26,2016,23.0,0
2200,KISII,KISII KISUMU,NYAMATARO,THE VEHICLE KNOCKED DOWN THE VICTIM,M,A,98.0,PEDESTRIAN,1,2016-04-26,2016,22.0,0
1630,KIAMBU,NAIROBI KIKUYU,KINOO,THE VEHICLE KNOCKED DOWN THE VICTIM WHILE CROSSING THE ROAD,M,A,14.0,PEDESTRIAN,1,2016-04-26,2016,16.0,0
700,MAKUENI,NAIROBI MOMBASA,MLIMA KIU AREA,HEAD ON COLLISION,M,A,26.0,DRIVER,1,2016-04-24,2016,7.0,1
1300,BARINGO,ELDAMA RAVINE SAOS,KAPTANA,THE VEHICLE HIT THE M/CYCLIST,M,19,10.0,M/CYCLIST,1,2016-04-24,2016,13.0,0
2050,KAJIADO,KAJIADO ISINYA,KENCHICK AREA,HEAD ON COLLISION,M,A,10.0,M/CYCLIST,1,2016-04-24,2016,20.0,0
1500,HOMA BAY,OYUGIS KISII,KIDI AREA,THE VEHICLE LOST CONTROL VEERED OFF THE ROAD AND KNOCKED DOWN THE VICTIM,M,15,98.0,PEDESTRIAN,1,2016-04-24,2016,15.0,0
2245,KAJIADO,NAIROBI MAGADI,SISA PUB,THE VEHICLE KNOCKED DOWN THE VICTIM WHILE CROSSING THE ROAD,M,15,8.0,PEDESTRIAN,1,2016-04-24,2016,22.0,0
1245,MAKUENI,NAIROBI MOMBASA,MAKINDU TOWNSHIP,THE VEHICLE KNOCKED DOWN THE VICTIM WHILE CROSSING THE ROAD,M,A,98.0,PEDESTRIAN,1,2016-04-23,2016,12.0,0
1750,KAKAMEGA,KAKAMEGA WEBUYE,MSALABA,THE CYCLE RAMMED INTO THE MATATU,M,A,8.0,M/CYCLIST,1,2016-04-23,2016,17.0,1
1750,KAKAMEGA,KAKAMEGA WEBUYE,MSALABA,THE CYCLE RAMMED INTO THE MATATU,M,A,8.0,P/PASSENGER,1,2016-04-23,2016,17.0,1
2050,KIAMBU,NORTHERN BY PASS,ROLEX AREA,THE VEHICLE KNOCKED DOWN THE VICTIM WHILE CROSSING THE ROAD,M,A,60.0,PEDESTRIAN,1,2016-04-23,2016,20.0,0
1430,KISUMU,CHEMILIL AWASI,OFFISENGENY AREA,"THE VEHICLE GOT A TYRE BURST,VEERED OFF THE ROAD AND ROLLED",F,70,79.0,PASSENGER,1,2016-04-23,2016,14.0,0
2100,NAKURU,OLKALAU GILGIL,KAROGA AREA,THE CYCLE LOST CONTROL AND LANDED INTO A DITCH,M,19,29.0,M/CYCLIST,1,2016-04-23,2016,21.0,0
2000,ELGEYO MARAKWET,ELDORET NYARU,CHIRCHIR AREA,THE VEHICLE RAMMED INTO THE REAR OF THE TRACTOR,M,5 MONTHS,10.0,PASSENGER,1,2016-04-23,2016,20.0,0
2030,MERU,MERU MIKINDURI,KANYABITHA AREA,HEAD ON COLLISION,M,A,98.0,DRIVER,1,2016-04-23,2016,20.0,0
2030,MERU,MERU MIKINDURI,KANYABITHA AREA,HEAD ON COLLISION,2F & M,A,98.0,PASSENGER,3,2016-04-23,2016,20.0,0
2315,MWINGI,MWINGI GARISSA,EAST VIEW AREA,HEAD ON COLLISION,M,26,8.0,M/CYCLIST,1,2016-04-23,2016,23.0,0
615,NAIROBI,THIKA SUPERHIGHWAY,DRIVE INN AREA,THE VEHICLE KNOCKED DOWN THE VICTIM WHILE CROSSING THE ROAD,F,A,14.0,PEDESTRIAN,1,2016-04-22,2016,6.0,1
1230,MAKURU,NAKURU NAIROBI,BAHATI JUNCTION,THE VEHICLE KNOCKED DOWN THE VICTIM WHILE CROSSING THE ROAD,M,28,66.0,PEDESTRIAN,1,2016-04-22,2016,12.0,0
1930,KISII,NYANGUSU KEROKA,GESUSU AREA,THE PROBOX WAS TRYING TO OVERTAKE WHEN IT WAS HIT BY THE TOWNACE,M,A,29.0,DRIVER,1,2016-04-22,2016,19.0,1
1930,KISII,NYANGUSU KEROKA,GESUSU AREA,THE PROBOX WAS TRYING TO OVERTAKE WHEN IT WAS HIT BY THE TOWNACE,F,A,29.0,PEDESTRIAN,2,2016-04-22,2016,19.0,1
2030,KIAMBU,SOUTHERN BY PASS,NEAR KIKUYU FLY OVER,THE VEHICLE LOST CONTROL VEERED OFF THE ROAD AND KNOCKED DOWN THE VICTIM,M,27,26.0,PEDESTRIAN,1,2016-04-22,2016,20.0,0
2035,NYERI,NYERI NYAHURURU,NEAR HONI RIVER,THE MATATU RAMMED INTO THE TRAILER,M,38,16.0,DRIVER,1,2016-04-22,2016,20.0,0
1455,MURANGA,MURANGA KIRIANI,KAWERU AREA,THE VEHICLE LOST CONTROL AND LANDED INTO A DITCH,M,40,7.0,DRIVER,1,2016-04-21,2016,14.0,0
1700,KAKAMEGA,KAKAMEGA MUMIAS,MAONDO AREA,HEAD ON COLLISION WITH M/CYCLE,F,60,10.0,P/PASSENGER,1,2016-04-21,2016,17.0,1
1950,NAIROBI,JOGOO ROAD,NEAR LIKONI JUNCTION,HIT AND RUN,M,A,63.0,PEDESTRIAN,1,2016-04-21,2016,19.0,1
2020,VIHIGA,CHAVAKALI KAPSABET,MUSASA AREA,HEAD ON COLLISION,M,A,8.0,DRIVER,1,2016-04-21,2016,20.0,0
2020,VIHIGA,CHAVAKALI KAPSABET,MUSASA AREA,HEAD ON COLLISION,M,A,8.0,PASSENGER,6,2016-04-21,2016,20.0,0
1,NAKURU,NAKURU NAIROBI,NEAR TUSKYS SUPERMARKET,THE CYCLE LOST CONTROL AND LANDED INTO A DITCH,M,A,98.0,M/CYCLIST,1,2016-04-21,2016,0.0,0
1520,KIAMBU,THIKA SUPERHIGHWAY,NEAR NDARUGO MOTELS,THE KXZ 560 RAMMED INTO THE REAR OF KCD 093X,M,30,7.0,DRIVER,1,2016-04-20,2016,15.0,0
1620,NAIROBI,WAIYAKI WAY,NEAR KABETE ARMY BARRACKS,THE VICTIM FELL DOWN AND WAS OVER RAN BY THE VEHICLE,M,25,70.0,PASSENGER,1,2016-04-20,2016,16.0,0
1525,KILIFI,MALINDI MOMBASA,PHUMANI AREA,THE VEHICLE KNOCKED DOWN THE VICTIM WHILE CROSSING THE ROAD,F,90,61.0,PEDESTRIAN,1,2016-04-20,2016,15.0,0
1830,MACHAKOS,MAKADARA NAMAGA,NEAR BOX INN AREA,THE VEHICLE KNOCKED DOWN THE VICTIM WHILE CROSSING THE ROAD,M,9,63.0,PEDESTRIAN,1,2016-04-20,2016,18.0,1
1900,NAIROBI,JUJA ROAD,NEAR MOI AIR BASE,THE VEHICLE KNOCKED DOWN THE VICTIM WHILE CROSSING THE ROAD,M,25,42.0,PEDESTRIAN,1,2016-04-20,2016,19.0,1
2100,NAIROBI,WITHIN DONHOLM SHOPPING CENTRE,NEAR KAMINDI SUPERMARKET,HIT AND RUN,M,37,7.0,PEDESTRIAN,1,2016-04-20,2016,21.0,0
2139,EMBU,EMBU MANYATTA,MANYATTA MARKET,THE VEHICLE KNOCKED DOWN THE VICTIM WHILE CROSSING THE ROAD,M,35,98.0,PEDESTRIAN,1,2016-04-20,2016,21.0,0
130,MAKUENI,MOMBASA NAIROBI,KENANI AREA,THE BUS HIT THE VEHICLE AND AS RESULT THE SURF ROLLED SEVERAL TIMES,M,43,98.0,DRIVER,1,2016-04-20,2016,1.0,0
130,MAKUENI,MOMBASA NAIROBI,KENANI AREA,THE BUS HIT THE VEHICLE AND AS RESULT THE SURF ROLLED SEVERAL TIMES,M,43,98.0,PASSENGER,1,2016-04-20,2016,1.0,0
700,NAKURU,MAI MAHIU NAIVASHA,KOSOVO AREA,THE SCANIA TRAILER RAMMED INTO BEIBEN TRAILER,M,A,10.0,DRIVER,1,2016-04-19,2016,7.0,1
930,KAKAMEGA,MUMIAS LUKOYE,MUMIAS LUKOYE JUNCTION,THE VEHICLE KNOCKED DOWN THE MOTOR CYCLIST,M,J,7.0,P/PASSENGER,1,2016-04-19,2016,9.0,1
930,HOMA BAY,NDHIWA SORI,NTHIWA AREA,"THE VEHICLE LOST CONTROL,VEERED OFF THE ROAD AND ROLLED",M,A,26.0,PASSENGER,1,2016-04-19,2016,9.0,1
1530,MOMBASA,SHIMANZI MOMBASA,NEAR SHIVA CORNER,HIT AND RUN,M,40,98.0,PEDESTRIAN,1,2016-04-19,2016,15.0,0
1330,BARINGO,MUNGOTIO RAVINE,NGOSWET AREA,THE VEHICLE KNOCKED DOWN THE MOTOR CYCLIST,M,24,8.0,M/CYCLIST,1,2016-04-19,2016,13.0,0
1000,KIAMBU,NAIROBI NAIVASHA,NGARARIGA AREA,THE VEHICLE KNOCKED DOWN THE VICTIM,F,55,68.0,PEDESTRIAN,1,2016-04-18,2016,10.0,0
1630,NAIROBI,LANDHIES ROAD,NEAR SAKWA JUNCTION,THE VEHICLE KNOCKED DOWN UNKNOWN H/CART PUSHER,M,A,20.0,DRIVER,1,2016-04-18,2016,16.0,0
2040,KIRINYAGA,MWEA MAKUTANO,MAKAWANI AREA,THE VEHICLE KNOCKED DOWN THE M/CYCLE,F,30,98.0,P/PASSENGER,1,2016-04-18,2016,20.0,0
2000,NAIROBI,LOWER KABETE,NEAR SHELL PETROL STATION,THE VEHICLE KNOCKED DOWN THE VICTIM,M,60,14.0,PEDESTRIAN,1,2016-04-18,2016,20.0,0
2130,BARINGO,MARIGAT LORUK,LORUK,THE SAID M/V VEERED OFF THE ROAD LANDING ON RIGHT SIDE OF THE ROAD,M,28,26.0,DRIVER,1,2016-04-17,2016,21.0,0
1730,EMBU,MWEA EMBU,KIRINYAGA,THE SAID M/V KNOCKED DOWN A PEDESTIAN,F,9,36.0,PEDESTRIAN,1,2016-04-17,2016,17.0,1
1615,NAKURU,NAKURU ELDORET,NAKURU TEACHERS COLLEGE,THE SAID M/V KNOCKED DOWN A PEDESTIAN,M,12,63.0,PEDESTRIAN,1,2016-04-17,2016,16.0,0
1930,MOMBASA,MAKUPA CUSE WAY,DUMPING SITE,HIT AND RUN,M,A,98.0,PEDESTRIAN,1,2016-04-17,2016,19.0,1
2200,GARISSA,GARISSA MWINGI,MADOGO,THE SAID M/CYLIST COLLIDED HEAD ON WITH A M/V,M,A,98.0,M/CYCLIST,1,2016-04-17,2016,22.0,0
1714,MACHAKOS,NAIROBI MACHAKOS,PETER MULI SUPERMARKET,UNKNOWN M/V HIT UNKNOWN PEDESTRIAN,M,A,98.0,PEDESTRIAN,1,2016-04-17,2016,17.0,1
800,NAIROBI,JUJA,OLYMPIC PETROL STATION,HIT AND RUN,M,A,98.0,PEDESTRIAN,1,2016-04-16,2016,8.0,1
700,KILIFI,NAIROBI MOMBASA,SAMBURU AREA,THE ISUZU RAMMED INTO THE REAR OF THE TRAILER,M,35,7.0,DRIVER,1,2016-04-16,2016,7.0,1
1430,HOMA BAY,BONDO NDORI,NEAR ATIGO MARKET,THE VEHICLE KNOCKED DOWN THE VICTIM,F,12,98.0,PEDESTRIAN,1,2016-04-16,2016,14.0,0
1430,NAIROBI,NORTHERN BY PASS,GITHOGORO AREA,THE VEHICLE KNOCKED DOWN THE VICTIM,F,25,98.0,PEDESTRIAN,1,2016-04-16,2016,14.0,0
1930,NAKURU,KERICHO NAKURU,CHEBEWORKWA NAHASHON AREA,HIT AND RUN,M,27,60.0,PEDESTRIAN,1,2016-04-16,2016,19.0,1
2100,NAIROBI,KIAMBU,WAMBUI ROAD NEXT TO TUTHAIGA GOLF CLUB,HIT AND RUN,M,A,98.0,PEDESTRIAN,1,2016-04-16,2016,21.0,0
2045,NAROK,NAROK MAIMAHIU,STIMA AREA,THE MATATU RAMMED INTO THE REAR OF THE TRACTOR,M,A,29.0,PASSENGER,1,2016-04-16,2016,20.0,0
2145,NYERI,MUKURWENI KARATINA,NGOLU AREA,HEAD ON COLLISION,M,44,8.0,DRIVER,1,2016-04-16,2016,21.0,0
129,NAIROBI,LIMURU FOREST,LIMURU FOREST INTERCHANGE,HEAD ON COLLISION WITH AN ONCOMING VEHICLE,M,57,8.0,M/CYCLIST,1,2016-04-16,2016,1.0,0
1201,KISUMU,KISUMU BUSIA,KISUMU AIRPORT ROUNDABOUT,THE CYCLE LOST CONTROL AND FELL DOWN,M,A,36.0,M/CYCLIST,1,2016-04-16,2016,12.0,0
1246,NAIROBI,RACE COURSE,OPPOSITE KOINANGE PETROL STN,HIT AND RUN,M,30,60.0,PEDESTRIAN,1,2016-04-16,2016,12.0,0
1605,NAKURU,MOLO ELBAGON,NEAR LANDI AREA,THE CYCLE RAMMED INTO THE SALOON CAR,M,A,39.0,M/CYCLIST,1,2016-04-16,2016,16.0,0
700,MIGORI,AWENDO MIGORI,LWALA,THE FIELDER RAMMED INTO THE MITSUBISHI,M,18,29.0,DRIVER,1,2016-04-15,2016,7.0,1
830,MAKUENI,KIKOKO NUNGUNI,KISYANI,HEAD ON COLLISION,M,50,29.0,M/CYCLIST,1,2016-04-15,2016,8.0,1
1300,NAROK,MULOT NAROK,KUTETE,THE VEHICLE KNOCKED DOWN THE VICTIM WHILE CROSSING THE ROAD,F,12,60.0,PEDESTRIAN,1,2016-04-15,2016,13.0,0
1200,TRANS NZOIA,KITALE ELDORET,CHEMOSIT,THE M/CYCLE WAS HIT BY THE MATATU,M,50,10.0,M/CYCLIST,1,2016-04-15,2016,12.0,0
1420,MAKUENI,MTITO TOWNSHIP,MTITO TOWNSHIP,HEAD ON COLLISION WITH ANOTHER TRAILER,M,22,68.0,PASSENGER,1,2016-04-15,2016,14.0,0
1500,KISUMU,ONYWONGO PAP ONDITI,KOGUOM,THE VEHICLE KNOCKED DOWN THE M/CYCLIST,F,71,22.0,P/PASSENGER,1,2016-04-15,2016,15.0,0
1900,KILIFI,KILIFI MALINDI,MKOROSHONI,THE VEHICLE KNOCKED DOWN THE M/CYCLIST,M,17,26.0,M/CYCLIST,1,2016-04-15,2016,19.0,1
2030,MURANGA,KANGEMA MURANGA,KAHUTI JUNCTION,"THE VEHICLE LOST CONTROL,VEERED OFF THE ROAD AND KNOCKED DOWN THE VICTIM",M,30,7.0,PEDESTRIAN,1,2016-04-15,2016,20.0,0
10,NAKURU,NAKURU NAIROBI,STATE HOUSE,"THE VEHICLE LOST CONTROL,VEERED OFF THE ROAD AND LANDED INTO A DITCH",M,A,26.0,DRIVER,1,2016-04-15,2016,0.0,0
120,KIAMBU,EASTERN BY PASS,ROLEX,HIT AND RUN,M,A,61.0,PEDESTRIAN,1,2016-04-15,2016,1.0,0
2100,VIHIGA,KISUMU BUSIA,MAGHARIBI FILLING STATION,THE VEHICLE KNOCKED DOWN THE VICTIM,M,50,29.0,PEDESTRIAN,1,2016-04-15,2016,21.0,0
530,NAROK,MAIMAHIU NAROK,MALTURS AREA,THE VEHICLE LOST CONTROL AND VEERED OFF THE ROAD,M,A,26.0,PASSENGER,1,2016-04-14,2016,5.0,0
700,NAIROBI,MURANGA,K.I.E,THE VICTIM ALIGHTED WHILE THE VEHICLE WAS IN MOTION,M,A,69.0,PASSENGER,1,2016-04-14,2016,7.0,1
1930,KISUMU,USENGE BEACH ROAD,USENGE TOWNSHIP,THE VEHICLE KNOCKED DOWN THE VICTIM WHILE CROSSING THE ROAD,M,35,26.0,PEDESTRIAN,1,2016-04-14,2016,19.0,1
2000,MOMBASA,MAKUPA CAUSEWAY(KIPARANI),NEAR RAILWAY BRIDGE,THE VEHICLE KNOCKED DOWN THE VICTIM WHILE CROSSING THE ROAD,M,A,63.0,PEDESTRIAN,1,2016-04-14,2016,20.0,0
2215,MACHAKOS,NAIROBI MOMBASA,SALAMA TRADING CENTRE,HIT AND RUN,M,43,98.0,PEDESTRIAN,1,2016-04-14,2016,22.0,0
2315,HOMA BAY,AHERO KISUMU,NEAR AWASI,THE VEHICLE KNOCKED DOWN THE VICTIM WHILE CROSSING THE ROAD,M,A,60.0,PEDESTRIAN,1,2016-04-14,2016,23.0,0
610,NAKURU,NAKURU ELDORET,KERONGA AREA,THE VEHICLE KNOCKED DOWN THE VICTIM WHILE CROSSING THE ROAD,M,A,63.0,PEDESTRIAN,1,2016-04-13,2016,6.0,1
945,KILIFI,MOMBASA KILIFI,MTWAPA BRIDGE,HIT AND RUN,M,28,98.0,M/CYCLIST,1,2016-04-13,2016,9.0,1
1130,MACHAKOS,NAIROBI MACHAKOS,MTO MAWE AREA,HEAD ON COLLISION,M,A,29.0,DRIVER,1,2016-04-13,2016,11.0,0
1530,NAKURU,NAKURU ELDORET,OPPOSITE KENOL PETROL STATION,THE VEHICLE KNOCKED DOWN THE VICTIM WHILE CROSSING THE ROAD,M,30,60.0,PEDESTRIAN,1,2016-04-13,2016,15.0,0
1750,KILIFI,MOMBASA KILIFI,SHAURI MOYO AREA,THE HARRIER COLLIDED HEAD ON WITH THE ONCOMING MATATU,M,24,10.0,PASSENGER,1,2016-04-13,2016,17.0,1
1550,HOMA BAY,KIGOTO MAGUNGA,NYABURU AREA,THE VEHICLE KNOCKED DOWN THE VICTIM WHILE CROSSING THE ROAD,F,13,68.0,PEDESTRIAN,1,2016-04-13,2016,15.0,0
100,KIAMBU,NAIROBI THIKA,KIHUNGURO BUMPS AREA,HIT AND RUN,F,30,14.0,PEDESTRIAN,1,2016-04-13,2016,1.0,0
800,NAIROBI,KOMAROCK ROAD,WAMWERE STAGE,THE VEHICLE HIT THE M/CYCLE,M,A,26.0,M/CYCLIST,1,2016-04-12,2016,8.0,1
1105,KIAMBU,NAIVASHA NAIROBI,KIMENDE AREA,THE KBN 174V HIT THE OTHER VEHICLE,F,A,15.0,PASSENGER,1,2016-04-12,2016,11.0,0
645,MOMBASA,UKUNDA LIKONI,MANYATTA AREA,THE CYCLE LOST CONTROL AND FELL DOWN,F,3 MONTHS,10.0,P/PASSENGER,1,2016-04-12,2016,6.0,1
1350,NAIROBI,MAX ROAD,MBUTHIA AREA,THE VEHICLE KNOCKED DOWN THE VICTIM WHILE CROSSING THE ROAD,M,6,64.0,PEDESTRIAN,1,2016-04-12,2016,13.0,0
2140,MURANG'A,KENOL SAGANA,NEAR MURANGA TEACHERS COLLEGE,THE TRAILER FELL DOWN AND LANDED ON THE SALOON CAR,2M & 3F,"39,30,40,33, & 30",98.0,PASSENGER,5,2016-04-12,2016,21.0,0
1630,NAKURU,NAIROBI NAKURU,KCC,THE CYCLE HIT THE GUARD RAIL OF THE TRAILER AND FELL DOWN,M,A,10.0,M/CYCLIST,1,2016-04-11,2016,16.0,0
2000,NAIROBI,MOMBASA,VISION PLAZA,HIT AND RUN,M,A,98.0,PEDESTRIAN,1,2016-04-11,2016,20.0,0
2300,MAKUENI,NAIROBI MOMBASA,MLIMA MAZIWA,THE VEHICLE ROLLED SEVERAL TIMES,M,A,98.0,PASSENGER,1,2016-04-11,2016,23.0,0
1015,NAROK,NAROK MAIMAHIU,NEAR SUSWA,THE VEHICLE LOST CONTROL AND OVERTURNED,M,26,26.0,PASSENGER,1,2016-04-10,2016,10.0,0
1140,MAKUENI,MOMBASA NAIROBI,KAMBU AREA,THE VEHICLE RAMMED INTO THE TRAILER,M,40,29.0,DRIVER,1,2016-04-10,2016,11.0,0
1105,BUNGOMA,BUNGOMA MUMIAS,KABULA AREA,THE VEHICLE HIT THE M/CYCLIST,M,A,36.0,M/CYCLIST,1,2016-04-10,2016,11.0,0
1105,BUNGOMA,BUNGOMA MUMIAS,KABULA AREA,THE VEHICLE HIT THE M/CYCLIST,M,A,36.0,P/PASSENGER,1,2016-04-10,2016,11.0,0
100,NAIROBI,MOMBASA,AIRPORT FLY OVER,THE VEHICLE LOST CONTROL AND KNOCKED DOWN THE VICTIM,M,A,26.0,PEDESTRIAN,1,2016-04-10,2016,1.0,0
1400,NYAHURURU,NYERI NYAHURURU,MAIRO INYA AREA,HEAD ON COLLISION,M,23,10.0,M/CYCLIST,1,2016-04-10,2016,14.0,0
1945,GARISSA,GARISSA MWINGI,FRONTIER JUNCTION,THE CYCLE LOST CONTROL AND THE VICTIM FELL DOWN,M,32,21.0,M/CYCLIST,1,2016-04-10,2016,19.0,1
1955,NAROK,NAROK MULOT,NAROK TOEN,HIT AND RUN,M,30,61.0,PEDESTRIAN,1,2016-04-10,2016,19.0,1
2030,HOMA BAY,OYUGIS KISUMU,MIGAI AREA,HIT AND RUN,M,30,98.0,M/CYCLIST,1,2016-04-10,2016,20.0,0
2000,BARINGO,KITALE ELDORET,MUSALABA YELLOW AREA,THE VEHICLE KNOCKED DOWN THE VICTIM,M,40,68.0,PEDESTRIAN,1,2016-04-10,2016,20.0,0
1000,KIAMBU,ONDIRE KIKUYU,KWAMATHERA AREA,HIT AND RUN,M,25,86.0,M/CYCLIST,1,2016-04-10,2016,10.0,0
2100,BUNGOMA,BUNGOMA WEBUYE,MWABANGA AREA,THE VEHICLE KNOCKED DOWN THE VICTIM,M,A,47.0,PEDESTRIAN,1,2016-04-10,2016,21.0,0
530,NAIROBI,EASTERN BY PASS,UTAWALA VILLAGE,THE VEHICLE KNOCKED DOWN THE VICTIM,M,A,63.0,PEDESTRIAN,1,2016-04-09,2016,5.0,0
600,KITUI,KITUI MACHAKOS,TIVA BRIDGE,THE VEHICLE KNOCKED DOWN THE VICTIM,M,25,63.0,PEDESTRIAN,1,2016-04-09,2016,6.0,1
940,NAIROBI,RACE COURSE ROAD,RONALD NGALA JUNCTION,THE VEHICLE RAMMED INTO THE REAR OF THE HAND CART PUSHER,M,A,98.0,M/CYCLIST,1,2016-04-09,2016,9.0,1
915,MAKUENI,NAIROBI MOMBASA,MBUI NZAU MARKET,HEAD ON COLLISION,M,A,10.0,DRIVER,1,2016-04-09,2016,9.0,1
915,MAKUENI,NAIROBI MOMBASA,MBUI NZAU MARKET,HEAD ON COLLISION,M,A,10.0,PASSENGER,3,2016-04-09,2016,9.0,1
904,BUNGOMA,BUNGOMA MUMIAS,KEMIGET AREA,THE VEHICLE KNOCKED DOWN THE VICTIM,M,39,29.0,PEDESTRIAN,1,2016-04-09,2016,9.0,1
1240,NAIROBI,THIKA SUPERHIGHWAY,GOSHEN FLY OVER,THE VEHICLE HIT THE M/CYCLIST,M,A,11.0,M/CYCLIST,1,2016-04-09,2016,12.0,0
1100,MERU,MAUA MERU,KIRINYAGA TRADING CENTRE,THE VEHICLE KNOCKED DOWN THE VICTIM,M,42,79.0,PEDESTRIAN,1,2016-04-09,2016,11.0,0
1430,TRANS NZOIA,KITALE ELDORET,MAILI SABA AREA,HEAD ON COLLISION,M,21,8.0,M/CYCLIST,1,2016-04-09,2016,14.0,0
1500,NAIROBI,MOMBASA ROAD,NEAR VISION PLAZA,THE VEHICLE KNOCKED DOWN THE VICTIM,M,A,63.0,PEDESTRIAN,1,2016-04-09,2016,15.0,0
1750,KILIFI,NAIROBI MOMBASA,MARIAKANI TOWNSHIP,THE VEHICLE HIT THE M/CYCLIST,M,A,26.0,M/CYCLIST,1,2016-04-09,2016,17.0,1
1750,KILIFI,NAIROBI MOMBASA,MARIAKANI TOWNSHIP,THE VEHICLE HIT THE M/CYCLIST,M,A,26.0,P/PASSENGER,1,2016-04-09,2016,17.0,1
1730,BOMET,LITEIN SOTIK,DARAJA SITA AREA,THE CYCLE RAMMED INTO THE REAR OF THE LORRY,M,A,10.0,M/CYCLIST,1,2016-04-09,2016,17.0,1
1845,MOMBASA,MOMBASA MALINDI,MSHOMORONI AREA,THE VEHICLE KNOCKED DOWN THE VICTIM,M,A,8.0,P/CYCLIST,1,2016-04-09,2016,18.0,1
2000,KISUMU,KISUMU NAIROBI,WELLS PETROL STATION,THE VEHICLE KNOCKED DOWN THE VICTIM,F,26,68.0,PEDESTRIAN,1,2016-04-09,2016,20.0,0
2100,KILIFI,MOMBASA NAIROBI,KIZURINI AREA,HIT AND RUN,F,A,8.0,P/PASSENGER,1,2016-04-09,2016,21.0,0
2230,NAIROBI,MOMBASA ROAD,NEAR AIRPORT JUNCTION,HIT AND RUN,M,32,7.0,PEDESTRIAN,1,2016-04-09,2016,22.0,0
1800,KISII,KISII MARANI,KEGOGI AREA,HEAD ON COLLISION,M,A,98.0,P/PASSENGER,1,2016-04-09,2016,18.0,1
2330,KIAMBU,THIKA SUPERHIGHWAY,NEAR JUJA POLICE STATION,THE VEHICLE KNOCKED DOWN THE VICTIM,F,16,17.0,PEDESTRIAN,1,2016-04-09,2016,23.0,0
1430,BUSIA,KISUMU BUSIA,MULEMBE,THE CYCLE WAS HIT FROM THE REAR BY THE VEHICLE,M,31,19.0,M/CYCLIST,1,2016-04-08,2016,14.0,0
1600,MOMBASA,AIRPORT,APOLO,THE VEHICLE KNOCKED DOWN THE VICTIM,M,35,16.0,PEDESTRIAN,1,2016-04-08,2016,16.0,0
2205,UNKNOWN,KINAMBA,NGARUA,THE VEHICLE OVERTURNED KILLING 6 VICTIMS,4F & INF,A,26.0,PASSENGER,6,2016-04-08,2016,22.0,0
2025,KITUI,KITUI MACHAKOS,KALANDINI,THE VEHICLE LOST CONTROL VEERED OFF THE ROAD AND ROLLED SEVERAL TIMES,M,8,26.0,PASSENGER,1,2016-04-08,2016,20.0,0
2142,UNKNOWN,NJAMBINI OLKALAO,KAMAGUTA,THE VEHICLE HIT A PEDAL CYCLIST,M,33,98.0,P/CYCLIST,1,2016-04-08,2016,21.0,0
1030,KIAMBU,NAIROBI NAIVASHA,NGARARIGA STAGE,HIT AND RUN,F,A,22.0,P/PASSENGER,1,2016-04-08,2016,10.0,0
2100,NAKURU,KENYATTA,GUEST INN BAR,THE VEHICLE KNOCKED DOWN THE VICTIM,M,A,63.0,PEDESTRIAN,1,2016-04-08,2016,21.0,0
1800,NAIROBI,FOREST LIMURU,INTERCHANGE,THE CYCLE WAS HIT FROM THE REAR BY THE VEHICLE,M,30,7.0,M/CYCLIST,1,2016-04-08,2016,18.0,1
1,NAIROBI,EATLEIGH,FIRST AVENUE,HIT AND RUN,M,30,98.0,PEDESTRIAN,1,2016-04-08,2016,0.0,0
2330,NYERI,NYERI NYAHURURU,SOLIO RANCH,THE VEHICLE KNOCKED DOWN THE VICTIM,M,A,61.0,PEDESTRIAN,1,2016-04-08,2016,23.0,0
140,NAKURU,MOGOTIO NAKURU,OLE POLES,THE VEHICLE GOT A TYRE BURST AND LOST CONTROL HITTING A TREE,M,A,79.0,PASSENGER,1,2016-04-08,2016,1.0,0
745,MAKUENI,MOMBASA NAIROBI,TSAVO RIVER AREA,HEAD ON COLLISION,M,29 & 32,11.0,DRIVER,1,2016-04-07,2016,7.0,1
745,MAKUENI,MOMBASA NAIROBI,TSAVO RIVER AREA,HEAD ON COLLISION,M,29 & 32,11.0,PASSENGER,1,2016-04-07,2016,7.0,1
1200,KERICHO,KERICHO,CHEMOSIT,THE CYCLE KNOCKED DOWN THE VICTIM,M,9,29.0,PEDESTRIAN,1,2016-04-07,2016,12.0,0
1820,BUNGOMA,BUNGOMA MALABA,NANGENI AREA,THE VEHICLE KNOCKED DOWN THE VICTIM,M,5,60.0,PEDESTRIAN,1,2016-04-07,2016,18.0,1
1100,MACHAKOS,NAIROBI MOMBASA,KONZA CENTRE,HEAD ON COLLISION WITH AN ONCOMING VEHICLE,M,A,1.0,DRIVER,1,2016-04-07,2016,11.0,0
1245,KILIFI,KILIFI MOMBASA,MBOGOLO AREA,THE VEHICLE LOST CONTROL AND KNOCKED DOWN THE VICTIM,M,40,26.0,PEDESTRIAN,1,2016-04-06,2016,12.0,0
200,UASIN GISHU,ELDORET NAKURU,JOGOO TRADING CENTRE,THE VEHICLE KNOCKED DOWN THE VICTIM,M,A,63.0,PEDESTRIAN,1,2016-04-06,2016,2.0,0
1645,KISUMU,KENDU BAY KATITU,NYAKWERE AREA,THE VEHICLE LOST CONTROL VEERED OFF THE ROAD AND HIT THE M/CYCLE,M,23,98.0,M/CYCLIST,1,2016-04-06,2016,16.0,0
1930,NAIROBI,JUJA ROAD,NEAR MOI AIR BASE,HIT AND RUN,M,A,68.0,PEDESTRIAN,1,2016-04-06,2016,19.0,1
2030,EMBU,EMBU MERU,GAKWEGORI AREA,HIT AND RUN,M,30,98.0,M/CYCLIST,1,2016-04-06,2016,20.0,0
2100,KIAMBU,GATURA THIKA,CHOMO AREA,HIT AND RUN,M,39,60.0,PEDESTRIAN,1,2016-04-06,2016,21.0,0
1700,KAJIADO,KANDIZI OLE KASAFI,KANDIZI AREA,THE VEHICLE KNOCKED DOWN THE VICTIM,F,4,63.0,PEDESTRIAN,1,2016-04-06,2016,17.0,1
2330,MAKUENI,MOMBASA NAIROBI,NEAR AP SENIOR TRAINING COLLEGE,THE MOTOR CYCLE RAMMED INTO THE REAR OF THE TRAILER,M,52,98.0,M/CYCLIST,1,2016-04-06,2016,23.0,0
200,KIAMBU,RIURU LIMURU,MEMBLY AREA,HEAD ON COLLISION,M,A,22.0,DRIVER,1,2016-04-06,2016,2.0,0
730,MARAKWET,ITEN KABARNET,KERIO KABARNET,THE VEHICLE KNOCKED DOWN THE VICTIM,M,12,7.0,PEDESTRIAN,1,2016-04-05,2016,7.0,1
2330,KIAMBU,NAIVASHA NAIROBI HIGHWAY,REGGEN AREA,THE VEHICLE KNOCKED DOWN THE VICTIM,M,30,68.0,PEDESTRIAN,1,2016-04-05,2016,23.0,0
530,NAIROBI,NGONG ROAD,NEAR KENOL PETROL STATION,THE CYCLE HIT A PAVEMENT AND FELL DOWN,M,28,54.0,M/CYCLIST,1,2016-04-04,2016,5.0,0
1900,SIAYA,SIAYA LUANDA,SIGANA AREA,HEAD ON COLLISION WITH A PEDAL CYCLIST,M,23,8.0,P/CYCLIST,1,2016-04-04,2016,19.0,1
2350,BOMET,KAPLONG BOMET,KAPKURES AREA,HIT AND RUN,M,27,98.0,PEDESTRIAN,1,2016-04-04,2016,23.0,0
30,NAROK,KISII KILGORIS,KONA CHUMA AREA,THE CYCLE LOST CONTROL VEERED OFF THE ROAD AND LANDED INTO A DITCH,M,25,26.0,M/CYCLIST,1,2016-04-04,2016,0.0,0
310,NAKURU,NAIROBI NAKURU,NYAMATHI AREA,THE VEHICLE,M,J,26.0,PASSENGER,1,2016-04-03,2016,3.0,0
1400,KIAMBU,THIUKA SUPER HIGHWAY,NEAR SEAGULL AREA,THE CYCLE RAMMED INTO THE BUS,M,28,29.0,M/CYCLIST,1,2016-04-03,2016,14.0,0
1730,ELGEYO MARAKWET,ITEN KWA HILDA RESIDENCE,KWA HILDA AREA,THE CYCLE LOST CONTROL AND HIT A PERIMETER WALL,M,28,54.0,M/CYCLIST,1,2016-04-03,2016,17.0,1
2000,KIAMBU,KENOL SAGANA,MAKUYU BOYS SEC,HEAD ON COLLISION WITH AN ONCOMING VEHICLE,F,"22,65 & 9 MONTHS",26.0,PASSENGER,3,2016-04-03,2016,20.0,0
45,NAIROBI,HAILE SELASIE,TECHNICAL UNIVERSITY,HIT AND RUN,M,21,7.0,PEDESTRIAN,1,2016-04-03,2016,0.0,0
240,NAIROBI,KANGUNDO ROAD,NEAR CALTEX,THE LORRY RAMMED INTO THE REAR P/UP,M,A,29.0,DRIVER,1,2016-04-02,2016,2.0,0
715,KIAMBU,THIKA SUPERHIGHWAY,KU DRIFT,THE CANTER RAMMED INTO THE REAR SALOON CAR,M,23,29.0,DRIVER,1,2016-04-02,2016,7.0,1
800,NYERI,NYERI OTHAYA,NGURA BRIDGE,THE VEHICLE LOST CONTROL AND PLUGGED INTO THE RIVER,M,A,,PASSENGER,1,2016-04-02,2016,8.0,1
1600,NAKURU,ELDORET NAKURU,NEAR MAKUTANO T/CENTRE,THE VEHICLE KNOCKED DOWN THE VICTIM WHILE CROSSING THE ROAD,M,18,63.0,PEDESTRIAN,1,2016-04-02,2016,16.0,0
1830,KIAMBU,THIKA NAIROBI,BLUE POST,THE VEHICLE KNOCKED DOWN THE P/CYCLIST,M,54,52.0,P/CYCLIST,1,2016-04-02,2016,18.0,1
1945,NAIROBI,WAIYAKI WAY,NEAR KANGEMI STAGE,THE VEHICLE KNOCKED DOWN THE VICTIM WHILE CROSSING THE ROAD,M,63,98.0,PEDESTRIAN,1,2016-04-02,2016,19.0,1
2030,KIAMBU,NDUMBERI KANNGA,KARATINA,THE VEHICLE KNOCKED DOWN THE VICTIM WHILE CROSSING THE ROAD,F,10,11.0,PEDESTRIAN,1,2016-04-02,2016,20.0,0
2215,NAIROBI,HESHIMA,NEAR PCEA BAHATI,THE VEHICLE KNOCKED DOWN THE VICTIM WHILE CROSSING THE ROAD,M,45,63.0,PEDESTRIAN,1,2016-04-02,2016,22.0,0
2100,HOMA BAY,KATITU KENDU BAY,NEAR KENDU BAY TRADING CENTRE,THE VEHICLE KNOCKED DOWN THE P/CYCLIST,M,55,38.0,P/CYCLIST,1,2016-04-02,2016,21.0,0
1230,TRANS NZOIA,KITALE ELDORET,MAILI SABA TRADING CENTRE,THE VICTIM JUMPED OFF FROM A MOVING VEHICLE,M,25,71.0,PASSENGER,1,2016-04-01,2016,12.0,0
100,NYERI,NYERI NANYUKI,TIGITHU AREA,THE MATATU KNOCKED DOWN THE M/CYCLIST,M,60,9.0,M/CYCLIST,1,2016-04-01,2016,1.0,0
700,MOMBASA,MOMBASA NAIROBI,BANGLADESH,HEAD ON COLLISION,M,24,11.0,DRIVER,1,2016-04-01,2016,7.0,1
1515,NYANDARUA,NJABINI OLKALAU,MUNYAKA AREA,THE MATATU ROLLED SEVERAL TIMES,F,A,79.0,PASSENGER,2,2016-04-01,2016,15.0,0
2110,KIAMBU,THIKA SUPERHIGHWAY,NEAR KALIMONI JUNIOR SCHOOL,THE VICTIM WAS KNOCKED DOWN BY THE UNKNOWN M/V,M,A,63.0,PEDESTRIAN,1,2016-04-01,2016,21.0,0
2040,KAJIADO,KAJIADO NAMANGA,NEAR BISIL TOWN,HEAD ON COLLISION,M,A,10.0,M/CYCLIST,1,2016-04-01,2016,20.0,0
2040,KAJIADO,KAJIADO NAMANGA,NEAR BISIL TOWN,HEAD ON COLLISION,M,A,10.0,P/PASSENGER,1,2016-04-01,2016,20.0,0
1830,NAIROBI,SPINE ROAD,NEAR SHUJAA MALL,THE VICTIM TRIED TO ALIGHT WHILE THE VEHICLE WAS IN MOTION,M,A,70.0,PASSENGER,1,2016-04-01,2016,18.0,1
2230,NAIROBI,JOGOO ROAD,NEAR BAMA STAGE,HIT AND RUN,M,A,63.0,PEDESTRIAN,1,2016-04-01,2016,22.0,0
745,KISUMU,NAIROBI-BUSIA,KASAGAM FLY OVER,THE VEHICLE LOST CONTROL AND HIT BARRIER LANDING UNDER THE FLYOVER,F,A,29.0,PASSENGER,1,2017-11-06,2017,7.0,1
1430,NAROK,NAROK-MAU,NAROK TOWN,THE VEHICLE KNOCKED DOWN THE VICTIM,M,80,68.0,PEDESTRIAN,1,2017-11-06,2017,14.0,0
1515,KERICHO,KERICHO-NAKURU,JUBERT AREA,"THE VEHICLE LOST CONTROL,VEERING OFF THE ROAD AND LANDED INTO A DITCH",M,25,26.0,DRIVER,1,2017-11-06,2017,15.0,0
1600,BUNGOMA,BOKOLI-KIMILILI,BITUYU AREA,THE VEHICLE KNOCKED DOWN THE VICTIM,M,31,7.0,PEDESTRIAN,1,2017-11-06,2017,16.0,0
1747,NAKURU,PIPELINE ELEMENTAITA,PIPELINE AREA,THE VEHICLE HIT THE MOTOR CYCLE,M,23,29.0,M/CYCLIST,1,2017-11-06,2017,17.0,1
1830,KAJIADO,MAGADI ROAD,CHAPCHAP AREA,THE VEHICLE RAMMED INTO THE MOTOR CYCLE,F,30,18.0,P/PASSENGER,1,2017-11-06,2017,18.0,1
1745,NAKURU,LANET-NDUNDORI,KAREMENU CENTER,THE VEHICLE HIT A PEDAL CYCLIST,M,78,8.0,P/CYCLIST,1,2017-11-06,2017,17.0,1
2030,KERICHO,LONDIANI-KERICHO,CHEBOWOR AREA,ISUZU LORRY RAMMED INTO THE LEYLAND LORRY,M,30 & 33,7.0,PASSENGERS,2,2017-11-06,2017,20.0,0
2300,KERICHO,NAKURU-KERICHO,DUKA MOJA AREA,HIT & RUN,M,40,98.0,PEDESTRIAN,1,2017-11-06,2017,23.0,0
1930,KWALE,MOMBASA-VOI,GORA AREA,HEAD ON COLLISION,M,28,39.0,M/CYCLIST,1,2017-11-06,2017,19.0,1
630,NAIROBI,MOMBASA ROAD,NEAR GENERAL MOTORS,HIT & RUN,M,A,98.0,PEDESTRIAN,1,2017-11-05,2017,6.0,1
745,KILIFI,MOMBASA-KILIFI,BONGE AREA,THE VEHICLE LOST CONTROL AND LANDED INTO A DITCH,M,A,26.0,PASSENGER,1,2017-11-05,2017,7.0,1
1030,KISII,KISII-MARANI,EGESA AREA,THE MATATU BRAKES FAILED AND RAMMED INTO THE COROLLA,M,60,78.0,PASSENGER,1,2017-11-05,2017,10.0,0
1330,NYANDARUA,MIHARATI-ENGINEER ROAD,KIANJOGU BRIDGE NEAR MACHINERY AREA,THE VEHICLE LOST CONTROL AND DRIVER WAS THROWN OUT,M,40,26.0,DRIVER,1,2017-11-05,2017,13.0,0
1100,WEST POKOT,KITALE-LODWAR,AT KAMATIRA HILLS,THE BRAKES FAILED AND THE VEHICLE LOST CONTROL,M,A,78.0,PASSENGERS,2,2017-11-05,2017,11.0,0
1730,KAKAMEGA,ELDORET-WEBUYE,AT KLWANDETI BRIDGE,THE VEHICLE LOST CONTROL AND OVERTURNED,M,25,26.0,PEDESTRIAN,1,2017-11-05,2017,17.0,1
2136,MACHAKOS,MOMBASA-NAIROBI,AT SABAKI AREA,THE VEHICLE KNOCKED DOWN THE VICTIM,M,A,98.0,PEDESTRIAN,1,2017-11-05,2017,21.0,0
130,KAJIADO,MAGADI ROAD,NEAR CHAPCHAP AREA,THE VEHICLE KNOCKED DOWN THE VICTIM,M,40,63.0,PEDESTRIAN,1,2017-11-05,2017,1.0,0
1300,KAKAMEGA,ELUCHE-MUMIAS,ELUCHE,THE TRACTOR HIT A PEDAL CYCLE,M,A,26.0,P/PASSENGER,1,2017-11-02,2017,13.0,0
1730,MACHAKOS,KANYONYO-EMBU,KIYAA,THE VEHICLE KNOCKED DOWN THE VICTIM,M,A,7.0,PEDESTRIAN,1,2017-11-02,2017,17.0,1
1030,MOMBASA,MOMBASA-NAIROBI,MAGONGO,THE TRACTOR KNOCKED DOWN THE VICTIM,F,40,26.0,PEDESTRIAN,1,2017-11-02,2017,10.0,0
2000,NAROK,NAROK-MAIMAHIU,STIMA AREA,THE VEHICLE KNOCKED DOWN THE VICTIM,M,A,29.0,PEDESTRIAN,1,2017-11-02,2017,20.0,0
2030,UASIN GISHU,ELDORET-NAKURU,DINDURA,"THE VEHICLE LOST CONTROL, VEERING OFF THE ROAD AND LANDED INTO A DITCH",F,A,26.0,PASSENGER,1,2017-11-02,2017,20.0,0
1940,THARAKA NITHI,EMBU-CHUKA,NAKA,THE VEHICLE KNOCKED DOWN THE VICTIM,F,22,10.0,PEDESTRIAN,1,2017-10-31,2017,19.0,1
1630,MERU,MERU - MAUA,KIANJAI,HIT & RUN,F,A,98.0,PEDESTRIAN,1,2017-10-31,2017,16.0,0
1745,MACHAKOS,NAIROBI-MOMBASA,MLOLONGO,THE PERSON WHO WAS STEALING A RIDE FALL DOWN,M,A,72.0,PASSEGER,1,2017-10-31,2017,17.0,1
1530,MOMBASA,MOMBASA-MALINDI,HONGERA,THE VEHICLE KNOCKED DOWN THE VICTIM,M,A,8.0,PEDESTRIAN,1,2017-10-31,2017,15.0,0
1300,EMBU,ALONG RUNNYENJES - UGWERI ROAD,GICHICHE MARKET,THE VEHICLE HIT THE MOTOR CYCLE,M,54,10.0,M/CYCLIST,1,2017-10-30,2017,13.0,0
430,NAIROBI,MOMBASA ROAD,AIRPORT TURN OFF,THE T/WISH RAMMED INTO THE TRAILLER WHICH WAS PARKED OFF THE ROAD,M,A,76.0,DRIVER,1,2017-10-30,2017,4.0,0
1630,NYERI,NYERI-KAMAKWA,KAMAKWA CENTER,THE BABAY FALL DOWN THE MOTHER JAMPED OUT OF THE VEHICLE,F,5 MONTHS,70.0,PASSENGER,1,2017-10-29,2017,16.0,0
2025,KIRINYAGA,KERUGOYA-KUTUS,NEAR ST. FRANCIS CHURCH,HEAD ON COLLISION,F,35,39.0,P/PASSENGER,1,2017-10-29,2017,20.0,0
2000,KAKAMEGA,KITALE - ELDORET,NANGILI AREA,THE MOTOR CYCLE GOT FRONT TYRE BURST AND LOST CONTROL AND FALL DOWN,M,38,6.0,M/CYCLIST,1,2017-10-29,2017,20.0,0
2015,BUNGOMA,BUNGOMA-WEBUYE,MABANGA AREA,THE UNKNOWN M/V HIT THE MOTOR CYCLE,M,"32, 40",98.0,P/PASSENGERS,2,2017-10-29,2017,20.0,0
2230,MURANGA,KIRIA-INI-KANGEMA,GAKIRA AREA,THE VEHICLE HIT THE MOTOR CYCLE,M,33,98.0,M/CYCLIST,1,2017-10-29,2017,22.0,0
2030,NAIROBI,WAIYAKI WAY,NEAR NAIROBI SCHOOL,THE MOTOR CYCLE HIT THE BUS,M,A,45.0,M/CYCLIST,1,2017-10-29,2017,20.0,0
2045,KITUI,KITUI-KABATI,KWA CHENZA AREA,THE VEHICLE RAMMED INTO THE MOTOR CYCLE,M,6 MONTHS,29.0,P/PASSENGER,1,2017-10-29,2017,20.0,0
2130,NAIROBI,MOMBASA ROAD,BELLE VIEW AREA,THE VEHICLE KNOCKED DOWN THE VICTIM,M,A,98.0,PEDESTRIAN,1,2017-10-29,2017,21.0,0
600,NAKURU,NAKURU-GILGIL,STATE HOUSE,THE MOTOR CYCLE LOST CONTROL AND HIT A CULVERT,M,35,26.0,M/CYCLIST,1,2017-10-28,2017,6.0,1
1440,MAKUENI,KITUI-KIBWEZI,SYEMBENI,THE UNKNOWN LORRY HIT THE MOTOR CYCLE,M,A,23.0,M/CYCLIST,1,2017-10-28,2017,14.0,0
1640,NAIROBI,WANGARI MATHAI,OPP MUSEUM,THE LORRY HIT THE MOTOR CYCLE,M,A,8.0,M/CYCLIST,1,2017-10-28,2017,16.0,0
1920,GARISSA,GARISSA-MWINGI,MADOGO,THE LORRY HIT THE MOTOR CYCLE,M,A,8.0,M/CYCLIST,1,2017-10-28,2017,19.0,1
1130,VIHIGA,LUANDA MAJENGO,POLICE STATION GATE,HIT & RUN,M,76,98.0,P/PASSENGER,1,2017-10-28,2017,11.0,0
2030,BOMET,BOMET-LITEN,KAPKOROS,HEAD ON COLLISION,M,A,8.0,M/CYCLIST & P/PASSENGER,2,2017-10-28,2017,20.0,0
1000,NAKURU,ELDORET-NAKURU,BAYETE AREA,THE VEHICLE KNOCKED DOWN THE VICTIM,M,25,68.0,PEDESTRIAN,1,2017-10-27,2017,10.0,0
1630,KIAMBU,THIKA-MATUU,MAGOGONI AREA,THE VEHICLE KNOCKED DOWN THE VICTIM,M,42,60.0,PEDESTRIAN,1,2017-10-27,2017,16.0,0
1630,NAROK,NAROK-MAIMAHIU,DELLO HILL AREA,HEAD ON COLLISION,M,41,39.0,M/CYCLIST,1,2017-10-27,2017,16.0,0
1920,NAIROBI,DAGORETI ROAD,NEAR HUB SHOPPING MALL,THE VEHICLE KNOCKED DOWN THE VICTIM,M,A,29.0,PEDESTRIAN,1,2017-10-27,2017,19.0,1
1200,GARISSA,SOKO NG'OMBE BULA RIGI EARTH ROAD,BULARIGI AREA,THE VEHICLE KNOCKED DOWN THE VICTIM,M,A,19.0,M/CYCLIST,1,2017-10-23,2017,12.0,0
1200,GARISSA,SOKO NG'OMBE BULA RIGI EARTH ROAD,BULARIGI AREA,THE VEHICLE KNOCKED DOWN THE VICTIM,M,A,19.0,P/PASSENGER,1,2017-10-23,2017,12.0,0
700,MAKUENI,MBUNBUNI NDUMBI,NDUMBI SHOPPING CENTRE,HIT AND RUN,M,57,98.0,PEDESTRIAN,1,2017-10-23,2017,7.0,1
1330,KITUI,MUTHUE MUTOMO,NEAR MUTUMO PRIMARY SCHOOL,THE VEHICLE KNOCKED DOWN THE VICTIM,M,35,29.0,M/CYCLIST,1,2017-10-23,2017,13.0,0
1330,NAIROBI,BARAKA ROAD,NEAR SUPA LOAF PRIMARY SCHOOL,THE VEHICLE KNOCKED DOWN THE VICTIM,M,58,98.0,PEDESTRIAN,1,2017-10-23,2017,13.0,0
2030,NAKURU,GILGIL NAIVASHA,RAILWAY FLYOVER,HEAD ON COLLISION,M,A,10.0,DRIVER,1,2017-10-23,2017,20.0,0
2000,TAITA TAVETA,NAIROBI MOMBASA ROAD,MANYANI AREA,HEAD ON COLLISION,M,60,29.0,DRIVER,1,2017-10-23,2017,20.0,0
1900,KERICHO,KERICHO LONDIANI,KEDOWA,HIT AND RUN,M,40,98.0,M/CYCLIST,1,2017-10-22,2017,19.0,1
1030,HOMA BAY,RAKWARO,RAKWARO AREA,THE VEHICLE GOT A TYRE BURST AND ROLLED SEVERAL TIMES,F,26,,PASSENGER,1,2017-10-22,2017,10.0,0
1000,MALINDI,WATAMU GEDE,WATAMU,HEAD ON COLLISION,M,A,98.0,M/CYCLIST,1,2017-10-22,2017,10.0,0
1830,NAIROBI,MOYALE,MOYALE LAMU JUNCTION,THE VEHICLE KNOCKED DOWN THE VICTIM,M,35,,PEDESTRIAN,1,2017-10-22,2017,18.0,1
1400,KIRINYAGA,SAGANA MURANGA,KATHAMBA,THE VEHICLE KNOCKED DOWN THE VICTIM,M,42,,PEDESTRIAN,1,2017-10-22,2017,14.0,0
1330,BUSIA,AKUBWOIT KWANGAMOR ROAD,AKUBWOIT,HEAD ON COLLISION,M,31,7.0,M/CYCLIST,1,2017-10-22,2017,13.0,0
1600,KIAMBU,NAIROBI NAIVASHA,REGENT,THE VEHICLE KNOCKED DOWN THE VICTIM,M,32,68.0,PEDESTRIAN,1,2017-10-22,2017,16.0,0
1640,MACHAKOS,NAIROBI MOMBASA ROAD,MOMBASA CEMENT,THE VEHICLE KNOCKED DOWN THE VICTIM,M,A,60.0,PEDESTRIAN,1,2017-10-22,2017,16.0,0
2140,NAIROBI,MOMBASA ROAD,GATEWAY MALL,THE VEHICLE KNOCKED DOWN THE VICTIM,F,26,,PEDESTRIAN,1,2017-10-22,2017,21.0,0
2230,NAIROBI,WANGARI MATHAAI,SHIKH UNION,HIT AND RUN,M,34,,PEDESTRIAN,1,2017-10-22,2017,22.0,0
UNKNOWN TIME,KILIFI,MALINDI MOMBASA,MIDA SCHOOL,HIT AND RUN,M,A,98.0,PEDESTRIAN,1,2017-10-22,2017,,0
1000,MOMBASA,OLD MOMBASA MALINDI,UTANGE,HIT AND RUN,M,37,13.0,PEDESTRIAN,1,2017-10-22,2017,10.0,0
2000,MACHAKOS,KATHEKAI,KATHEKAI,THE VEHICLE LOST CONTROL AND OVERTURNED,M,A,,DRIVER,1,2017-10-22,2017,20.0,0
630,KAKAMEGA,KAKAMEGA WEBUYE,,THE VEHICLE KNOCKED DOWN THE VICTIM,M,17,26.0,P/PASSENGER,1,2017-10-18,2017,6.0,1
1210,NAIROBI,RABAI ROAD,JUNCTION NEAR UHURU EASTATE,THE VEHICLE KNOCKED DOWN THE VICTIM,M,A,63.0,PEDESTRIAN,1,2017-10-18,2017,12.0,0
1030,NAKURU,NAKURU ELDORET,NEAR SACHANGWAN AREA,THE CANTER RAMMED INTO THE TRAILER,M,30,10.0,PASSENGER,1,2017-10-18,2017,10.0,0
1400,SIAYA,BONDO USENGE,AT ODONGO JUNCTION,THE VEHICLE KNOCKED DOWN THE VICTIM,M,10,59.0,PEDESTRIAN,1,2017-10-18,2017,14.0,0
800,NYANDARUA,OLJOROROK OLKALAU,GWA KAHIHI,HIT AND RUN,M,40,98.0,PEDESTRIAN,1,2017-10-16,2017,8.0,1
900,MACHAKOS,NAIROBI MOMBASA ROAD,MLOLONGO WEIGHBRIDGE,THE VEHICLE KNOCKED DOWN THE VICTIM,F,A,61.0,PEDESTRIAN,1,2017-10-16,2017,9.0,1
1350,NAIROBI,LUSAKA ROAD,NEAR DT DOBIE STAGE,THE VEHICLE KNOCKED DOWN THE VICTIM,M,A,98.0,PEDESTRIAN,1,2017-10-16,2017,13.0,0
2130,KISUMU,KISUMU KAKAMEGA,NEAR KONDELE TOWN,HIT AND RUN,M,A,98.0,PEDESTRIAN,1,2017-10-16,2017,21.0,0
2000,BUNGOMA,KITALE WEBUYE,KAMUKUYWA RIVER SIDE,HEAD ON COLLSION,M,30,7.0,P/PASSENGER,1,2017-10-16,2017,20.0,0
730,NAKURU,WITHIN JAMUHURI PRIMARY SCHOOL,JAMUHURI PRIMARY SCHOOL,THE VEHICLE KNOCKED DOWN THE VICTIM,F,7,26.0,PEDESTRIAN,1,2017-10-12,2017,7.0,1
1800,MURANGA,KANGEMA MURANGA,NEAR ST. MARYS CATHOLIC CHURCH,THE VEHICLE LOST CONTROL VEERED OFF THE ROAD AND KNOCKED DOWN THE VICTIM,M,25,7.0,PEDESTRIAN,1,2017-10-12,2017,18.0,1
2040,BUNGOMA,WEBUYE BUNGOMA,JOYLAND AREA,HIT AND RUN,M,A,98.0,PEDESTRIAN,2,2017-10-12,2017,20.0,0
2000,MAKUENI,WOTE MAKUENI,NEAR KAITI BRIDGE,HEAD ON COLLISION,M,A,98.0,M/CYCLIST,1,2017-10-12,2017,20.0,0
700,MURANGA,NANYUKI NAIROBI,MUKEU,THE VEHICLE GOT A TYRE BURST AND ROLLED SEVERAL TIMES,M,A,79.0,PASSENGER,2,2017-10-10,2017,7.0,1
600,NYAMIRA,NYAMIRA NYAMAIYA,MAPUTI,THE CYCLE RAMMED INTO THE LORRY,M,A,26.0,M/CYCLIST,1,2017-10-10,2017,6.0,1
2200,NAKURU,NAIROBI NAKURU,NYAMATHI,THE VEHICLE KNOCKED DOWN THE VICTIM,M,A,60.0,PEDESTRIAN,1,2017-10-10,2017,22.0,0
1000,KIRINYAGA,SAGANA KAGIO,GACHARU,THE VEHICLE KNOCKED DOWN THE VICTIM,M,A,11.0,PEDESTRIAN,1,2017-10-10,2017,10.0,0
2245,KIAMBU,THIKA SUPERHIGHWAY,TROJAN,THE VEHICLE KNOCKED DOWN THE VICTIM,F,A,63.0,PEDESTRIAN,1,2017-10-10,2017,22.0,0
345,NAKURU,GILGIL NAKURU,KIKOPEY AREA,HEAD ON COLLISION,M,A,11.0,DRIVER,1,2017-09-21,2017,3.0,0
UNKNOWN,NAIROBI,MOMBASA ROAD,OPPOSITE KANISANI AREA,HIT & RUN,M,A,98.0,PEDESTRIAN,1,2017-09-21,2017,,0
1430,NAIROBI,BISHOP ROAD JUNCTION,SIXTH AVENUE,THE VEHICLE KNOCKED DOWN THE VICTIM,M,A,98.0,M/CYCLIST,1,2017-09-21,2017,14.0,0
1530,NYERI,NYERI NANYUKI,NEAR BROOKSIDE AREA,THE VEHICLE KNOCKED DOWN THE VICTIM,M,11,98.0,PEDESTRIAN,1,2017-09-21,2017,15.0,0
1600,BARINGO,MARIGAT MOGOTIO,NATO AREA,THE VEHICLE LOST CONTROL AND ROLLED SEVERAL TIMES,M,A,26.0,PASSENGER,1,2017-09-21,2017,16.0,0
2030,NAIROBI,OUTERING ROAD,OPPOSITE TASSIA,THE VEHICLE KNOCKED DOWN THE VICTIM,M,A,60.0,PEDESTRIAN,1,2017-09-21,2017,20.0,0
1700,MACHAKOS,KANGUNDO MACHAKOS,TUMBA BRIDGE,THE VEHICLE KNOCKED DOWN THE VICTIM,M,A,63.0,PEDESTRIAN,1,2017-09-21,2017,17.0,1
2140,NAIROBI,HAILE SELASIE AVENUE,NEAR JESUS IS ALIVE MINISTRIES,HIT & RUN,M,28,98.0,PEDESTRIAN,1,2017-09-21,2017,21.0,0
2210,NAIROBI,WAIYAKI WAY,KANGEMI FLYOVER,THE VEHICLE KNOCKED DOWN THE VICTIM,M,A,60.0,PEDESTRIAN,1,2017-09-21,2017,22.0,0
2030,KILIFI,KILIFI-MALINDI,KWACHOKWE,HEAD ON COLLISION,M,A,26.0,DRIVER,1,2017-09-19,2017,20.0,0
2000,TAITA TAVETA,MOMBASA-NAIROBI,MASIENYI,THE VEHICLE LOST CONTROL AND RAMMED INTO A CULVERT,M,A,26.0,DRIVER,1,2017-09-19,2017,20.0,0
1630,SIAYA,SIAYA-DOMINION,AWELO,THE VEHICLE HIT THE MOTOR CYCLE,M,A,26.0,M/CYCLIST,1,2017-09-19,2017,16.0,0
2040,KISUMU,KONDOLE-NYAMASARIA,NYAMASARIA FLY OVER,THE UNKNOWN VEHICLE HIT THE MOTOR CYCLE,M,A,98.0,M/CYCLIST,1,2017-09-19,2017,20.0,0
1900,MURANGA,MURANGA-KIRIANI,GATURI,THE MOTOR CYCLE RAMMED INTO THE MOTOR VEHICLE,M,A,26.0,M/CYCLIST,1,2017-09-19,2017,19.0,1
1800,NAIROBI,KANGUNDO ROAD,KAMULU AREA,THE VEHICLE HIT A PEDAL CYCLE,M,A,7.0,PEDAL CYCLIST,1,2017-09-19,2017,18.0,1
1820,NAIROBI,JUJA ROAD,STAGE 10,THE VEHICLE KNOCKED DOWN THE VICTIM,M,A,7.0,PEDESTRIAN,1,2017-09-19,2017,18.0,1
720,NAKURU,ELBURGON-NJORO,NJORO AREA,THE LORRY LOST CONTROL AND RAMMED INTO A CULVERT,M,A,26.0,PASSENGER,1,2017-09-19,2017,7.0,1
430,KAJIADO,MAGADI ROAD,MAASAI LODGE STAGE,HIT & RUN,F,32,98.0,PEDESTRIAN,1,2017-09-18,2017,4.0,0
600,MAKUENI,MAKINDU-KOSEWE,MAKINDU AREA,THE MOTOR CYCLE LOST CONTROL AND HIT A TREE,M,A,7.0,M/CYCLIST,1,2017-09-18,2017,6.0,1
1630,KERICHO,LONDIANI-KERICHO,CHEPSEON AREA,HEAD ON COLLISION,M,A,26.0,M/CYCLIST,1,2017-09-18,2017,16.0,0
2130,UASIN GISHU,ELDORET-KAPSABET,KAPSABET SHOPPING CENTRE,HEAD ON COLLISION,M,70,8.0,PASSENGER,1,2017-09-18,2017,21.0,0
2230,NANDI,KAPSABET-LESSOS,KAMUNJIL AREA,HEAD ON COLLISION,M,35,37.0,M/CYCLIST,1,2017-09-18,2017,22.0,0
2050,MAKUENI,NAIROBI - MOMBASA,MASIMBA AREA,THE MOTOR CYCLE LOST CONTROL AND HIT A HUGE STONE WHERE HE FELL DOWN,M,59,7.0,M/CYCLIST,1,2017-09-18,2017,20.0,0
130,NAIROBI,EASTERN BY PASS,NEAR CHINA KENYA,HEAD ON COLLISION,M,A,26.0,DRIVER,1,2017-09-17,2017,1.0,0
630,KIAMBU,MUKARARA KIUNYU,AT A CORNER,THE CYCLE LOST CONTROL AND HIT A CULVERT,M,A,26.0,M/CYCLIST,1,2017-09-17,2017,6.0,1
630,KIAMBU,MUKARARA KIUNYU,AT A CORNER,THE CYCLE LOST CONTROL AND HIT A CULVERT,M,A,26.0,P/PASSENGER,1,2017-09-17,2017,6.0,1
1640,NAIROBI,EASTERN BY PASS,GATE TO 75 TANK BATTALION CAMP,THE VEHICLE KNOCKED DOWN THE CYCLE,M,A,29.0,M/CYCLIST,1,2017-09-17,2017,16.0,0
1645,BUNGOMA,MATISI NZOIA,,THE VEHICLE KNOCKED DOWN THE VICTIM,M,12,98.0,PEDESTRIAN,1,2017-09-17,2017,16.0,0
2130,KAJIADO,ISINYA KITENGELA,NEAR KOBIL PETROL STN,HIT AND RUN,M,21,63.0,PEDESTRIAN,1,2017-09-17,2017,21.0,0
2345,KIAMBU,THIKA MATUU,AT LEATHER,THE VEHICLE KNOCKED DOWN THE VICTIM,M,A,63.0,PEDESTRIAN,1,2017-09-17,2017,23.0,0
5,KIRINYAGA,KAGUMO KERUGOYA,GATWE JUNCTION,HEAD ON COLLISION,M,A,54.0,M/CYCLIST,1,2017-09-17,2017,0.0,0
5,KIRINYAGA,KAGUMO KERUGOYA,GATWE JUNCTION,HEAD ON COLLISION,M,A,54.0,P/PASSENGER,4,2017-09-17,2017,0.0,0
30,MURANGA,MURANGA KANGEMA,ST MARY AREA,HEAD ON COLLISION,M,20,8.0,M/CYCLIST,1,2017-09-17,2017,0.0,0
2200,MACHAKOS,NAIROBI MOMBASA,SABAKI AREA,THE VEHICLE KNOCKED DOWN THE VICTIM,F,32,60.0,PEDESTRIAN,1,2017-09-17,2017,22.0,0
2030,MERU,MERU MAUA,NEAR KITHARE PRI. SCH,THE VEHICLE KNOCKED DOWN THE VICTIM,M,A,29.0,PEDESTRIAN,1,2017-09-17,2017,20.0,0
430,NAKURU,NYAURURU NAKURU,KIRENGERO BRIDGE,THE VEHICLE LOST CONTROLAND ROLLED SEVERAL TIMES,M,A,98.0,DRIVER,1,2017-09-17,2017,4.0,0
1330,KISUMU,KISUMU BUSIA,CHULAIMBO AREA,HEAD ON COLLISION,M,33,39.0,M/CYCLIST,1,2017-09-13,2017,13.0,0
1330,KISUMU,KISUMU BUSIA,CHULAIMBO AREA,HEAD ON COLLISION,F,A,39.0,P/PASSENGER,2,2017-09-13,2017,13.0,0
1200,WEST POKOT,MAKUTANO KITALE ROAD,,HEAD ON COLLISION,M,A,8.0,M/CYCLIST,1,2017-09-13,2017,12.0,0
5,EMBU,EMBU KIRITIRI,MUNATHIRI AREA,THE LORRY LOST CONTROL AND OVERTURNED,M,45,26.0,PASSENGER,1,2017-09-13,2017,0.0,0
1730,KIAMBU,THIKA SUPER HIGHWAY,TROJAN PETROL STN,THE CYCLE LOST CONTROL AND ROLLED SEVERAL TIMES,M,A,54.0,P/PASSENGER,1,2017-09-13,2017,17.0,1
2340,KIAMBU,KIBOKO THIKA,UTI JUNCTION,THE CYCLE LOST CONTROL AND HIT A TREE,M,A,26.0,M/CYCLIST,1,2017-09-13,2017,23.0,0
2230,NAIROBI,JOGOO ROAD,CHURCH ARMY STAGE,THE VEHICLE KNOCKED DOWN THE VICTIM,M,44,7.0,PEDESTRIAN,1,2017-09-11,2017,22.0,0
1945,KIAMBU,EASTERN BY PASS,MEMBLEY,THE VEHICLE KNOCKED DOWN THE VICTIM,M,J,63.0,PEDESTRIAN,1,2017-09-11,2017,19.0,1
2000,KISUMU,AHERO AWASI,KABONGO,THE VEHICLE LOST CONTROL AND ROLLED SEVERAL TIMES,M,A,26.0,PASSENGER,2,2017-09-11,2017,20.0,0
1700,KIAMBU,THIKA NAIROBI,GITHURAI,THE CONDUCTOR FELL FROM THE MOVING VEHICLE,M,A,73.0,PASSENGER,1,2017-09-11,2017,17.0,1
1545,KWALE,MBUGUNI CHECK POINT,KITEJE,THE VEHICLE KNOCKED DOWN THE VICTIM,M,A,7.0,PEDESTRIAN,1,2017-09-11,2017,15.0,0
1100,TIGANIA,GATHITHINI LUNATIC,MARIBA,HIT & RUN,M,70,67.0,PEDESTRIAN,1,2017-09-07,2017,11.0,0
1345,KIAMBU,KIAMBU-THIKA,NGOIWA,THE VEHICLE KNOCKED DOWN THE VICTIM,M,A,68.0,PEDESTRIAN,1,2017-09-07,2017,13.0,0
640,KIAMBU,LIMURU RUAKA,KIANJOGU,THE VEHICLE LOST CONTROL AND KNOCKED DOWN THE VICTIM,F,10,26.0,PEDESTRIAN,1,2017-09-07,2017,6.0,1
2000,KIAMBU,NORTHERN BY PASS,NJATHAINI,THE VEHICLE KNOCKED DOWN THE VICTIM,M,A,36.0,PEDESTRIAN,1,2017-09-07,2017,20.0,0
2010,BUNGOMA,KIMILILI-MIIKHU,MATILI,THE VEHICLE KNOCKED DOWN THE VICTIM,M,A,11.0,PEDESTRIAN,1,2017-09-07,2017,20.0,0
UNKNOWN TIME,MACHAKOS,KITHIMANI KIMANGU,KAUMONI AREA,THE CYCLE LOST CONTROL AND LANDED INTO A DITCH,M,40,47.0,M/CYCLIST,1,2017-09-06,2017,,0
1530,NAIROBI,THIKA SUPER HIGHWAY,NEAR ROASTERS,THE LORRY GOT A TYRE BURST AND LOST CONTROL HITTING THE BUS WHICH VEERED OFF THE ROAD AND HIT THE MATATU,M,A,79.0,DRIVER,1,2017-09-06,2017,15.0,0
1530,NAIROBI,THIKA SUPER HIGHWAY,NEAR ROASTERS,THE LORRY GOT A TYRE BURST AND LOST CONTROL HITTING THE BUS WHICH VEERED OFF THE ROAD AND HIT THE MATATU,M & F,A,79.0,PASSENGER,9,2017-09-06,2017,15.0,0
1900,NAKURU,NAKURU NAIROBI,NEAR LAIKIPIA CAMPUS,HEAD ON COLLISION,M,A,10.0,DRIVER,1,2017-09-06,2017,19.0,1
700,NAIROBI,MOMBASA,LUSAKA R/ABOUT,THE TOYOTA MARK II HIT THE NISSAN BLUE,M,A,37.0,DRIVER,1,2017-09-03,2017,7.0,1
400,KIAMBU,NAIROBI NAIVASHA,VIEW POINT,HEAD ON COLLISION,M,47,37.0,DRIVER,1,2017-09-03,2017,4.0,0
UNKNOWN TIME,MURANGA,MURANGA GITU,GIYAKARENGO,THE CYCLE LOST CONTROL AND RAMMED INTO A HEAP OF MURRAM,M,A,7.0,P/PASSENGER,1,2017-09-03,2017,,0
1000,MERU,MERU MAUA,NGUNDUNE,THE VEHICLE KNOCKED DOWN THE VICTIM,M,A,98.0,P/PASSENGER,1,2017-09-03,2017,10.0,0
1230,KITUI,KAUMA MATINYANI,MATINYANI,THE VICTIM FELL DOWN FROM THE CYCLE,F,4,64.0,P/PASSENGER,1,2017-09-03,2017,12.0,0
1945,KIRINYAGA,KERUGOYA BARICHO,EMMATEX BAR,HEAD ON COLLISION,M,A,8.0,M/CYCLIST,1,2017-09-03,2017,19.0,1
130,MURANGA,MURANGA SAGANA,NORKAS,HEAD ON COLLISION,M,A,7.0,M/CYCLIST,1,2017-09-03,2017,1.0,0
2200,MAKUENI,MOMBASA NAIROBI,LOITOKTOK JUNCTION,THE VICTIM FELL DOWN FROM THE CYCLE,F,45,50.0,P/PASSENGER,1,2017-09-03,2017,22.0,0
2315,NAIROBI,JOGOO,BURMA,HIT AND RUN,M,A,98.0,PEDESTRIAN,1,2017-09-03,2017,23.0,0
100,NAIROBI,WAIYAKI,N MARKET,THE VEHICLE LOST CONTROL AND ROLLED,M,A,26.0,PASSENGER,1,2017-09-03,2017,1.0,0
1420,NYAMIRA,KEROKA SOTIK,KIGOGI,THE VEHICLE LOST CONTROL AND LANDED IN A DITCH,M,A,26.0,M/CYCLIST,1,2017-08-31,2017,14.0,0
1440,KITUI,MWINGI GARISSA,NGUNI,THE VEHICLE RAMMED INTO A HERD OF CATTLE,M,A,29.0,PASSENGER,1,2017-08-31,2017,14.0,0
600,NYAMIRA,KEROKA-MASIMBA,ICHUNI AREA,THE MOTOR CYCLE HIT THE REAR OF THE LORRY,M,A,37.0,M/CYCLIST,1,2017-08-30,2017,6.0,1
630,KERICHO,MAU SUMMIT -KERICHO,JUBERT AREA,THE MATATU RAMMED INTO THE TRACTOR,M,A,29.0,DRIVER & PASSENGER,2,2017-08-30,2017,6.0,1
1320,KIAMBU,NAIROBI-NAIVASHA,KIMENDE STAGE,THE VEHICLE KNOCKED DOWN THE VICTIM,M,69,60.0,PEDESTRIAN,1,2017-08-30,2017,13.0,0
1030,MAKUENI,NAIROBI-MOMBASA,MAKINDU AREA SECTION 4 SGR CAMP,THE TRAILER HIT THE MOTOR CYCLE,F,A,10.0,P/PASSENGER,1,2017-08-30,2017,10.0,0
1820,NAIROBI,MUTHURWA ACCESS ROAD,NEAR MUTHURWA POLICE POST,THE VEHICLE KNOCKED DOWN THE VICTIM,M,28,98.0,PEDESTRIAN,1,2017-08-30,2017,18.0,1
2055,BUNGOMA,BUNGOMA-MUMIAS,MUSKOMA AREA,HIT & RUN,M,A,98.0,P/PASSENGER,1,2017-08-30,2017,20.0,0
940,EMBU,EMBU MANYATTA,LIANJOGU,THE VEHICLE KNOCKED DOWN THE VICTIM,M,60,26.0,PEDESTRIAN,1,2017-08-27,2017,9.0,1
1130,NAIROBI,KAYOLE,MASIMBA,THE VICTIM FELL DOWN WHILE THE VEHICLE WAS IN MOTION AND WAS OVER RAN,M,25,53.0,PASSENGER,1,2017-08-27,2017,11.0,0
1230,NYERI,NYERI KARATINA,WAMBUGU FARM,THE VEHICLE KNOCKED DOWN THE VICTIM,M,A,10.0,M/CYCLIST,1,2017-08-27,2017,12.0,0
1150,NAKURU,GILGIL NAKURU,SOYSAMBU,THE VEHICLE KNOCKED DOWN THE VICTIM,M,34,10.0,M/CYCLIST,1,2017-08-27,2017,11.0,0
1600,NYAMIRA,NYAMIRA IKONGE,IBARA,THE VEHICLE KNOCKED DOWN THE VICTIM,M,40,98.0,PEDESTRIAN,1,2017-08-27,2017,16.0,0
1600,KAKAMEGA,KAKAMEGA WEBUYE,ANDITI,THE VEHICLE KNOCKED DOWN THE VICTIM,M,A,63.0,PEDESTRIAN,1,2017-08-27,2017,16.0,0
1700,KAKAMEGA,MUMIAS EBUYANGU,EBBWARIRO,THE VEHICLE GOT A TYRE BURST AND ROLLED SEVERAL TIMES,F,A,54.0,PASSENGER,2,2017-08-27,2017,17.0,1
1740,MANDERA,MANDERA MALKA SUFTU,DUAN,THE VICTIM FELL DOWN WHILE THE VEHICLE WAS IN MOTION AND WAS OVER RAN,M,A,28.0,PASSENGER,1,2017-08-27,2017,17.0,1
1810,NAKURU,NAIVASHA GILGIL,RAILWAY FLYOVER,THE CYCLE WAS HIT FROM BEHIND BY UNKNOWN VEHICLE,M,A,98.0,M/CYCLIST,1,2017-08-27,2017,18.0,1
1845,HOMA BAY,OYUGIS KISUMU,ATELA,THE VEHICLE KNOCKED DOWN THE VICTIM,M,J,9.0,PEDESTRIAN,1,2017-08-27,2017,18.0,1
1930,KIAMBU,NAIROBI NAIVASHA,KIMENDE,HIT AND RUN,F,50,98.0,PEDESTRIAN,1,2017-08-27,2017,19.0,1
2000,KAKAMEGA,SHIATSALA MANYULIA,SHIANDA,THE VEHICLE KNOCKED DOWN THE VICTIM,M,A,8.0,P/PASSENGER,1,2017-08-27,2017,20.0,0
2000,KAKAMEGA,SHIATSALA MANYULIA,SHIANDA,THE VEHICLE KNOCKED DOWN THE VICTIM,M,A,8.0,M/CYCLIST,1,2017-08-27,2017,20.0,0
2130,NYERI,NYERI NANUKI,BANTU,HEAD ON COLLISION,M,,7.0,PASSENGER,3,2017-08-27,2017,21.0,0
1900,BOMET,KAPLETUNDO CHEBOLE,KAPLETUNDO,THE VEHICLE LOST CONTROL AND KNOCKED DOWN THE VICTIM,M,71,26.0,PEDESTRIAN,1,2017-08-27,2017,19.0,1
2300,KAJIADO,NGONG KISERIAN,KAURAI JUNCTION,THE VEHICLE HIT THE M/CYCLE FROM BEHIND,M,A,4.0,M/CYCLIST,1,2017-08-27,2017,23.0,0
2300,BOMET,KAPLONG BOMET,MIGINGO,HEAD ON COLLISION,M,A,8.0,P/PASSENGER,1,2017-08-27,2017,23.0,0
2300,BOMET,KAPLONG BOMET,MIGINGO,HEAD ON COLLISION,M,A,8.0,M/CYCLIST,1,2017-08-27,2017,23.0,0
2230,KWALE,MSAMBWENI UKUNDA,GASSI,HEAD ON COLLISION,M,A,26.0,DRIVER,1,2017-08-27,2017,22.0,0
1630,MERU,MERU MAUA,,THE CYCLE HIT THE MATATU AND THEN WAS OVERRAN BY THE SAME MATATU,M,A,26.0,P/PASSENGER,1,2017-08-27,2017,16.0,0
1630,MERU,MERU MAUA,,THE CYCLE HIT THE MATATU AND THEN WAS OVERRAN BY THE SAME MATATU,M,A,26.0,M/CYCLIST,1,2017-08-27,2017,16.0,0
1945,MAKUENI,KITISE KIKOME,KITISE SLAUGHTER,THE CYCLE LOST CONTROL AND HIT A TREE,M,25,26.0,PASSENGER,1,2017-08-27,2017,19.0,1
930,KAKAMEGA,SIGALAGALA-BUKURA,MALINYA,THE VEHICLE KNOCKED DOWN THE VICTIM,F,4,29.0,PEDESTRIAN,1,2017-08-21,2017,9.0,1
1240,NAIROBI,NEW PUMWANI ROAD,ECHO ROUNDABOUT,THE M/CYCLE LOST CONTROL AND ROLLED,M,A,26.0,M/CYCLIST,1,2017-08-21,2017,12.0,0
1440,HOMA BAY,KENDU BAY-HOMA BAY,ADIEDO,THE PASSENGER FELL FROM THE VEHICLE WHILE ON MOTION,M,A,70.0,PASSENGER,1,2017-08-21,2017,14.0,0
700,NAIROBI,OUTERING,SHELL PETROL STATION,THE VEHICLE LOST CONTROL AND LANDED INTO A DITCH,M,37,26.0,PASSENGER,1,2017-08-20,2017,7.0,1
830,NAIROBI,WAIYAKI WAY,ABC AREA,THE PASSENGER JUMPED OUT OFF THE VEHICLE AND FELL DOWN,M,A,58.0,PASSENGER,1,2017-08-20,2017,8.0,1
1440,NYERI,KARATINA-NYERI,KIANJOGU DAM,THE VEHICLE KNOCKED DOWN THE VICTIM,M,A,26.0,PEDESTRIAN,1,2017-08-20,2017,14.0,0
1645,NAIROBI,MUTHURWA,MUTHURWA,THE VEHICLE KNOCKED DOWN THE VICTIM,M,A,63.0,PEDESTRIAN,1,2017-08-20,2017,16.0,0
800,KAJIADO,NGONG KISERIAN,ROIMEN AREA,THE VEHICLE KNOCKED DOWN THE VICTIM,M,A,7.0,PEDESTRIAN,1,2017-08-19,2017,8.0,1
930,MAKUENI,MOMBASA NAIROBI,KYULU AREA,HIT & RUN,M,A,63.0,PEDESTRIAN,1,2017-08-19,2017,9.0,1
1030,TAITA TAVETA,MOMBASA NAIROBI,NDARA AREA,HEAD ON COLLISION,F,A,10.0,PASSENGER,1,2017-08-19,2017,10.0,0
1100,MAKUENI,MUMBINI WOTE,MUMBINI AREA,HIT & RUN,M,A,98.0,PEDESTRIAN,1,2017-08-19,2017,11.0,0
1720,NAIROBI,KANGUNDO ROAD,KOMAROCK PETROL STATION,THE VEHICLE KNOCKED DOWN THE VICTIM,M,35,72.0,PEDESTRIAN,1,2017-08-19,2017,17.0,1
1400,GARISSA,GARISSA IJARA,LUKA AREA,THE VEHICLE LOST CONTROL AND OVERTURNED,M,A,29.0,PASSENGER,2,2017-08-19,2017,14.0,0
715,KERICHO,KERICHO NAKURU ROAD,AT JUBERT AREA,THE VEHICLE RAMMED ON THE REAR OF THE TANKER LORRY,M,A,7.0,DRIVER,1,2017-08-18,2017,7.0,1
700,MAKUENI,MOMBASA NAIROBI,NEAR KIIMA JUNCTION,HEAD ON COLLISION,M,A,10.0,DRIVER,1,2017-08-18,2017,7.0,1
700,MAKUENI,MOMBASA NAIROBI,NEAR KIIMA JUNCTION,HEAD ON COLLISION,M,A,10.0,PASSENGER,1,2017-08-18,2017,7.0,1
1200,EMBU,UGWERI RUNYEJES ROAD,MWANANDEGA AREA,THE VEHICLE KNOCKED DOWN THE VICTIM,M,8,98.0,PEDESTRIAN,1,2017-08-18,2017,12.0,0
1630,KIAMBU,LIMURU NAIROBI,KIANJOGU AREA,HEAD ON COLLISION,M,35,72.0,DRIVER,2,2017-08-18,2017,16.0,0
1840,KERICHO,KERICHO-KISUMU,SAMUTET AREA,THE M/CYCLE LOST CONTROL AND LANDED INTO A DITCH,M,25,54.0,P/PASSENGER,1,2017-08-16,2017,18.0,1
2130,NYANDARUA,NYAHURURU-OLKALOU,OLJOROROK BRIDGE,HEAD ON COLLISION,M,A,10.0,M/CYCLIST,1,2017-08-16,2017,21.0,0
2100,NAIROBI,SOUTHERN BY PASS,NEAR RAILA ESTATE,THE VEHICLE KNOCKED DOWN THE VICTIM,M,14,98.0,PEDESTRIAN,1,2017-08-16,2017,21.0,0
2200,KWALE,UKUNDA LIKONI ROAD,TIWI SPOTT AREA,HEAD ON COLLSION,M,27,10.0,DRIVER,1,2017-08-15,2017,22.0,0
1150,NYERI,NYERI NANYUKI ROAD,AT AIRSTRIP AREA,HEAD ON COLLSION,M,45,79.0,M/CYCLIT,1,2017-08-15,2017,11.0,0
1930,KAJIADO,KISERIAN MAGADI,MLIMA CHAIR LADY AREA,HEAD ON COLLSION,M,16,8.0,PASSENGER,1,2017-08-14,2017,19.0,1
1800,TAITA TAVETA,SOFIA ST BARANABUS CHURCH,NEAR SOFIA AREA,THE VEHICLE KNOCKED DOWN THE VICTIM,M,8,62.0,PEDESTRIAN,1,2017-08-14,2017,18.0,1
1630,EMBU,EMBU-MERU,AT MUFU AREA,THE VEHICLE KNOCKED DOWN THE VICTIM,M,60,60.0,PEDESTRIAN,1,2017-08-13,2017,16.0,0
1745,MAKUENI,NAIROBI-MOMBASA,AT MAKINDU TOWN NEAR BRIDGE,THE VEHICLE KNOCKED DOWN THE VICTIM,M,28,64.0,PEDESTRIAN,1,2017-08-13,2017,17.0,1
2030,KIAMBU,THIKA-MATUU,AT MAGOGONI AREA,THE VEHICLE KNOCKED DOWN THE VICTIM,M,60,60.0,PEDESTRIAN,1,2017-08-13,2017,20.0,0
50,NAIROBI,THIKA SUPERHIGH WAY,NEAR UTALII COLLEGE,THE TOYOTA ISIS HIT THE TOYOTA FIELDER WHICH STALLED ON THE ROAD DUE TO MECHANICAL PROBLEMS,M,A,76.0,DRIVER,1,2017-08-13,2017,0.0,0
30,MOMBASA,AIRPORT ROAD,NEAR BOMU AREA,THE VEHICLE LOST CONTROL AND LANDED OFF THE ROAD,M,51,26.0,DRIVER,1,2017-08-13,2017,0.0,0
440,NAIROBI,NGONG ROAD,ADAMS ARCADE,THE VEHICLE KNOCKED DOWN THE VICTIM,F,40,7.0,PEDESTRIAN,1,2017-08-12,2017,4.0,0
2100,MACHAKOS,NAIROBI MOMBASA,NATION CENTRE,THE VEHICLE KNOCKED DOWN THE VICTIM,M,30,60.0,PEDESTRIAN,1,2017-08-12,2017,21.0,0
1430,MERU,MERU NKUBU,NGONYI,THE VEHICLE KNOCKED DOWN THE VICTIM,M,A,8.0,PEDESTRIAN,1,2017-08-12,2017,14.0,0
1430,NAIROBI,JOGOO ROAD,RASTA STAGE,THE VEHICLE KNOCKED DOWN THE VICTIM,F,J,7.0,PEDESTRIAN,1,2017-08-12,2017,14.0,0
1200,LAIKIPIA,NANYUKI BARAKA,SLAUGHTER HOUSE,THE CYCLE KNOCKED DOWN THE VICTIM,F,A,63.0,PEDESTRIAN,1,2017-08-12,2017,12.0,0
,KIAMBU,LARI,LARI KIAMBU,THE VEHICLE LOST CONTROL AND ROLLED SEVERAL TIMES,M,A,26.0,PASSENGER,1,2017-08-12,2017,,0
430,KIAMBU,NAIROBI THIKA,JUJA FLY OVER,THE VEHICLE KNOCKED DOWN THE VICTIM,M,A,60.0,PEDESTRIAN,1,2017-08-11,2017,4.0,0
1900,NAIROBI,WAIYAKI WAY,MOUNTAIN VIEW,HIT AND RUN,M,A,,PEDESTRIAN,1,2017-08-11,2017,19.0,1
2000,MACHAKOS,UNKNOWN,,THE VEHICLE KNOCKED DOWN THE VICTIM,J,J,8.0,PILLION PASSENGER,1,2017-08-11,2017,20.0,0
2230,KIAMBU,THOGOTO GIKAMBURA,SOUTHERN BY PASS FLY OVER,THE VEHICLE KNOCKED DOWN THE VICTIM,M,A,7.0,PEDESTRIAN,1,2017-08-11,2017,22.0,0
2330,KIAMBU,NAIROBI THIKA SERVICE LANE,KIHUNGURO SHELL PETROL STATION,HIT AND RUN,M,30,60.0,PEDESTRIAN,1,2017-08-11,2017,23.0,0
,KIAMBU,GIKAMBURA NDEIYA ROAD,GIKAMBURA SHOPPING CENTRE,HIT AND RUN,M,A,98.0,PEDESTRIAN,1,2017-08-11,2017,,0
2300,NYANDARUA,FLYOVER NJAMBINI ROAD,MWENDANDU TRADIND CENTRE,THE CYCLE KNOCKED DOWN THE VICTIM AND LANDED INTO A DITCH,M,A,68.0,M/CYCLIST,1,2017-08-11,2017,23.0,0
2300,NYANDARUA,FLYOVER NJAMBINI ROAD,MWENDANDU TRADIND CENTRE,THE CYCLE KNOCKED DOWN THE VICTIM AND LANDED INTO A DITCH,M,A,68.0,PEDESTRIAN,1,2017-08-11,2017,23.0,0
10,NAKURU,MOLO TOWNSHIP,MOLO TOWNSHIP,HIT AND RUN,M,A,98.0,PEDESTRIAN,1,2017-08-11,2017,0.0,0
2000,NAKURU,MAI MAHIU,MAI MAHIU TOWNSHIP,THE VICTIM FELL FROM THE TANKER,M,A,67.0,PEDESTRIAN,1,2017-08-11,2017,20.0,0
,NAKURU,NAKURU ELEMENTAITA,NGOROFA AREA,THE VEHICLE KNOCKED DOWN THE VICTIM,J,15,98.0,PEDESTRIAN,1,2017-08-11,2017,,0
230,KIAMBU,GATUNDU KENYATTA,MUTOMO,THE VEHICLE KNOCKED DOWN THE VICTIM,M,A,,PEDESTRIAN,1,2017-08-11,2017,2.0,0
40,NAIROBI,THIKA ROAD,MUTHAIGA,HIT AND RUN,M,A,98.0,PEDESTRIAN,1,2017-08-11,2017,0.0,0
1730,BUSIA,BUTULA-MUMIAS,TONGILO,THE VEHICLE KNOCKED DOWN THE VICTIM,F,5,98.0,PEDESTRIAN,1,2017-08-10,2017,17.0,1
810,NAIROBI,JOGOO,NEAR DC STAGE,THE PASSENGER FELL DOWN WHILE THE VEHICLE WAS IN MOTION,M,36,70.0,PASSENGER,1,2017-08-09,2017,8.0,1
900,MACHAKOS,KIVAA-EMBU,NEAR KIVAA SECONDARY SCHOOL,HIT & RUN,M,42,98.0,PEDESTRIAN,1,2017-08-09,2017,9.0,1
2130,KIAMBU,UNKNOWN,KWA MAIKO TRADING CENTRE,THE VEHICLE KNOCKED DOWN THE VICTIM,M,31,38.0,PEDESTRIAN,1,2017-08-09,2017,21.0,0
1830,KITUI,KYUSINI-MUTHA,NDAKANI,THE VEHICLE ROLLED,M,A,7.0,PASSENGER,1,2017-08-08,2017,18.0,1
2300,KIAMBU,NAIVASHA-NAIROBI,NYAMBANE,THE VEHICLE HIT THE MOTOR CYCLE,M,A,29.0,M/CYCLIST,1,2017-08-08,2017,23.0,0
1730,HOMA BAY,KENDU BAY-KATITO,NYAKWERE,THE VEHICLE LOST CONTROL AND ROLLED SEVERALLY,M,A,26.0,DRIVER,1,2017-08-08,2017,17.0,1
1830,NAIROBI,UHURU HIGH WAY,BUNYALA ROUND ABOUT,THE VEHICLE LOST CONTROL AND ROLLED SEVERALLY,M,A,26.0,DRIVER,1,2017-08-08,2017,18.0,1
1630,BUSIA,BUSIA-MUMIAS,OCHUDE,THE VEHICLE HIT A PEDAL CYCLIST,M,J,7.0,PEDAL CYCLIST,1,2017-08-08,2017,16.0,0
1740,KERICHO,KERICHO-NAKURU,CHEPSIR,THE VEHICLE LOST CONTROL AND ROLLED SEVERALLY,M,A,26.0,DRIVER,1,2017-08-08,2017,17.0,1
545,NAIROBI,EASTERN BY PASS,NEAR GSU TRAINING SCHOOL,THE PRADO HIT THE M/CYCLE,M,28,50.0,M/CYCLIST,1,2017-08-07,2017,5.0,0
620,EMBU,KIVAA-EMBU,KIRITIRI MARKET,"THE VEHICLE HAD A TYRE BBURST, LOSING CONTROL AND ROLLED",F,33,79.0,PASSENGER,1,2017-08-07,2017,6.0,1
1300,NYERI,MARWA-KIGANJO,AT KAGUMO HIGH SCHOOL,"THE VEHICLE HAD A TYRE BBURST, LOSING CONTROL AND LANDED",M,A,79.0,PASSENGER,1,2017-08-07,2017,13.0,0
1830,NAIROBI,FIRST AVENUE,AT JUNCTION OF THIRD STREET EISTLEIGH,THE VEHICLE KNOCKED DOWN THE VICTIM,M,30,98.0,PEDESTRIAN,1,2017-08-07,2017,18.0,1
1800,KISII,KISII-KISUMU,AT MOSOCHO AREA,HEAD ON COLLISION,M,A,37.0,M/CYCLIST,1,2017-08-07,2017,18.0,1
2200,KAJIADO,ISINYA-KITENGELA,KENCHIC NEAR KENOL PETROL STATION,THE PASSENGER FELL DOWN WHILE THE VEHICLE WAS IN MOTION,M,27,70.0,PASSENGER,1,2017-08-07,2017,22.0,0
2200,NYERI,NYERI-NANYUKI,NATIONAL OIL PETROL STATION,HEAD ON COLLISION,M,40,40.0,M/CYCLIST,1,2017-08-07,2017,22.0,0
400,NAKURU,NAKURU-NAIROBI,MALEWA BRIDGE,HEAD ON COLLISION,M,40,10.0,DRIVER,1,2017-08-05,2017,4.0,0
630,NAIROBI,MOMBASA ROAD,NEAR JKIA,M/V KNOCKED DOWN A PEDESTRIAN,M,39,98.0,PEDESTRIAN,1,2017-08-05,2017,6.0,1
1230,NAKURU,MAAI-MAHIU NAIVASHA,GOVERNER AREA,M/V KNOCKED DOWN A PEDESTRIAN,M,39,68.0,PEDESTRIAN,1,2017-08-05,2017,12.0,0
2230,KISII,KEROKA-NYANGUSU,HOTELI AREA,M/V KNOCKED DOWN A M/JPEDESTRIAN,M,J,98.0,PEDESTRIAN,1,2017-08-05,2017,22.0,0
1800,EMBU,KYENI KARURUMO,KARARARI AREA,M/CYCE WAS HIT BY M/V KILLING THE PASSENGER,F,28,30.0,PASSENGER,1,2017-08-05,2017,18.0,1
2320,MAKUENI,WOTE MAKINDU,KISINGIONI AREA,M/CYCLE RAMMED AT THE REAR OF A P/CYCLIST,M,A,7.0,P/CYCLIST,1,2017-08-05,2017,23.0,0
1000,MOMBASA,OLD MOIYNE DRIVE,NEAR SIMBA ROAD JUNCTION,LOST CONTROL AND RAMMED FROM REAR ONTO M/CYCE,M,A,16.0,RIDER P/PASSANGER,2,2017-08-04,2017,10.0,0
700,MARSABIT,MARSABIT MOYALE RD,NEAR BUBISA,M/V PUSHE BY WIND HENCE LOOSING CONTROL AND OVERTURNED,M,A,97.0,PASSENGER,1,2017-08-04,2017,7.0,1
1630,NYAMIRA,NYAMIRA-MIRUKA RD,AT RANGENYO AREA,M/V LOST CONTROL HITTING PEDESTRIANS,M,A,26.0,PEDESTRIAN,1,2017-08-04,2017,16.0,0
2130,NYANDARUA,NYAHURURU BOIMAN RD,KERISON AREA,HEAD ON COLLISION,M,A,39.0,RIDER,1,2017-08-04,2017,21.0,0
2120,NAIROBI,TOM MBOYA STREET,NEAR WORLD BUSINESS CENTER,M/V HIT PEDESTRIANS CROSSING THE ROAD,F,35,10.0,PEDESTRIAN,1,2017-08-04,2017,21.0,0
1700,MARSABIT,UNKNOWN,NEAR WATITI MARKET,LOST CONTROL AND ROLLED SEVERALLY AND LANDED INTO A DITCH,M,30,26.0,DRIVER,1,2017-08-04,2017,17.0,1
30,KITUI,KITUNGATI-KATWALA RD,MANGANI VILLAGE,HIT A PEDESTRIAN CROSSING THE ROAD,F/J,6,61.0,PEDESTRIAN,1,2017-08-04,2017,0.0,0
2300,NAKURU,MOGOTHE KIRIMA,WANYORORO,M/CYCLE KNONCKED ADOWN A JUNIOR PLAYING,F/J,6,62.0,P/PEDESTRIAN,1,2017-08-04,2017,23.0,0
320,KIAMBU,THIKA SUPER HIGHWAY,KWA KAIRO,LOST CONTROL AND RAMMED INTO THE OTHER M/V,M,A,26.0,DRIVER 2 PASSANGERS,3,2017-08-03,2017,3.0,0
2140,MACHAKOS,MATUU-MWINGI,EKALAKALA,KNOCKED DOWN A PEDESTRIAN,M,A,8.0,PEDESTRIAN,1,2017-08-03,2017,21.0,0
2030,VIHIGA,LUANDA-MAJENGO,IKUMBA,KNOCKED DOWN A PEDESTRIAN,M,A,59.0,PEDESTRIAN,1,2017-08-03,2017,20.0,0
1800,NAKURU,NAKURU-RAVINE,OLIVE INN,KNOCKED DOWN A J/PEDESTRIAN,M,J,98.0,PEDESTRIAN,1,2017-08-03,2017,18.0,1
1900,HOMABAY,MBITA-HOMABAY,OGONGO,HIT AND RUN,M,J,26.0,PEDESTRIAN,1,2017-08-03,2017,19.0,1
1400,NANDI,NANDI HILL-KIMAKI,SEPTON,LOST CONTROL AND LANDED IN A DITCH,M,A,26.0,PASSANGER,1,2017-08-03,2017,14.0,0
600,NAIROBI,SOUTHERN BY-PASS,NEAR LANGATA NATIONAL HOUSING,M/V KNOCKED DOWN A PEDESTRIAN WHILE CROSSING THE ROAD,F,41,98.0,PEDESTRIAN,1,2017-08-02,2017,6.0,1
830,BOMET,SILIBWET KIPTAGICH RD,NEAR KIPTAGICH MARKET,LOST CONTROL AND OVERTURNED,M,A,26.0,PASSENGER,1,2017-08-02,2017,8.0,1
1330,NANDI,MOSORIOT-KABIYET RDD,AT KAMOIYWO ARE,M/V HIT FROM REAR A CYCLIST,M,13,29.0,P/CYCLIST,1,2017-08-02,2017,13.0,0
1250,NYERI,MUTHINGA GATITU RD,AT KANGUBIINI AREA,LOST CONTROL OF M/CYCLE AND THROWN TO THE SHAMBA,M,18,54.0,M/CYCLIST,1,2017-08-02,2017,12.0,0
1530,NAIROBI,KOMBO MUNYIRI RD,NEAR BARCLAYS BANK,HIT A PEDESTRIAN WHILE REVERSING,M,59,,PEDESTRIAN,1,2017-08-02,2017,15.0,0
1830,NYAMIRA,KEROKA-SOTIK RD,AT REONZUNE AREA,SLIPPED WHILE NEGOTIATING A CORNER AND LANDED ON THE LEFT SIDE,M,28,12.0,PASSANGER,1,2017-08-02,2017,18.0,1
2200,MAKUENI,EMALI MATILIKU MURRAM RD,KWAKAKULU,M/CYCLE WAS HIT BY THE M/V,M/J,12,8.0,P/PASSENGER,1,2017-08-02,2017,22.0,0
UNKNOWN,NYERI,NYERI-IHURURU,98 AREA,HIT AND RUN,M,38,98.0,PEDSTRIAN,1,2017-08-01,2017,,0
930,HOMA BAY,OYUGIS-KISUMU,SIKRI AREA,THE VICTIM WAS RAN OVER BY THE SAID VEHICLE,M,19,98.0,M/CYCLIST,1,2017-08-01,2017,9.0,1
1045,NYERI,TAGWA-NDATHI MURRAM ROAD,MBIRIRI SHOPPING CENTER,THE VICTIM TRIED TO BOARD THE MOVING VEHICLE AND FELL OFF,M,A,67.0,PEDESTRIAN,1,2017-08-01,2017,10.0,0
1430,KILFI,MALINDI-MOMBASA,MSABAHA AREA,THE VEHICLE COLLIDED HEAD ON WITH THE MOTOR CYCLE,M,A,10.0,M/CYCLIST,1,2017-08-01,2017,14.0,0
1400,TAITA TAVETA,MOMBASA-NAIROBI,NDARA AREA,THE VEHICLE COLLIDED HEAD ON WITH THE TRAILER,M&f,A&J,10.0,PASSENGERS,4,2017-08-01,2017,14.0,0
2010,TAITA TAVETA,TAVETA-MWATATE,MURKA AREA,THE VEHICLE LOST CONTROL AND VEERED OF THE ROAD,M,A,79.0,DRIVER,1,2017-08-01,2017,20.0,0
2000,MERU,MERU-NANYUKI,NEAR ELEPHANT CORRIDOR,THE VEHICLE LOST CONTROL AND VEERED OF THE ROAD,M,A,78.0,DRIVER & PASSENGER,2,2017-08-01,2017,20.0,0
1700,KISUMU,KISUMU BUSIA,KISIANI,THE VEHICLE KNOCKED DOWN THE VICTIM,M,A,98.0,M/CYCLIST,1,2017-07-31,2017,17.0,1
UNKNOWN TIME,BARINGO,NAKURU-ELDORET,GATARAKWA,M/V HIT A PEDESTRIAN CROSSING THE ROAD,M,60,68.0,PEDESTRIAN,1,2017-07-30,2017,,0
UNKNOWN TIME,MURANGA,KAHAGAINI,MURANGA KANGEMA,HIT AND RUN,M,42,98.0,PEDESTRIAN,1,2017-07-30,2017,,0
1130,HOMABAY,KENDU BAY TOWN SHIP,KENDU BAY/OYUGIS JUNCTION,LOST CONTROL AND RAMMED ON ANOTHER VEHICLE,M,28,63.0,PEDESTRIAN,1,2017-07-30,2017,11.0,0
UNKNOWN TIME,NYANDARUA,KINYATTA ROAD,FLY-OVER NJABINI,HIT AND KNOCKED DOWN THE PEDAL CYCLIST,M,70,47.0,M/CYCLIST,1,2017-07-30,2017,,0
845,HOMABAY,KENDU BAY KATITU ROAD,SEKA AREA,HIT AND KNONCKED DOWN A PEDESTRIAN,M,30,68.0,M/CYCLIST,1,2017-07-30,2017,8.0,1
1930,KAKAMEGA,KUVASALI-IKOLI,KUVASALI AREA,M/V COLLIDED HEAD ON WITH M/CYCLE,M,15,26.0,P/CYCLIST,1,2017-07-30,2017,19.0,1
2145,KERICHO,SOTIK-KERICHO,CHEBAON TRADING CENTER,M/V AVOIDED HITTING A M/CYCLIST HENCE LANDING ON A DITCH,M,33,10.0,DRIVER,1,2017-07-30,2017,21.0,0
2100,NAKURU,NAKURU-ELDORET,MIGAA AREA,M/V HIT OTHER VIHICLES THROWING THEM OFF THE ROAD,M,A,63.0,DRIVER,1,2017-07-30,2017,21.0,0
1630,MAKUENI,NAIROBI MOMBASA ROAD,KIBOKO AREA,M/V HIT A PEDESTRIAN CROSSING THE ROAD,M,70,60.0,PEDESTRIAN,1,2017-07-30,2017,16.0,0
1700,TAITA TAVETA,KASIGU-MAUNGU,BONDENI AREA,M/V HIT A PEDESTRIAN CROSSING THE ROAD,M,J,98.0,PEDESTRIAN,1,2017-07-30,2017,17.0,1
2000,THARAKA NITHI,KIRIANE MUTINDWA ROAD,GIANGIRI AREA,RIDDER HIT A PEDESTRIAN CROSSING THE ROAD,M,J,,RIDER,1,2017-07-30,2017,20.0,0
UNKNOWN TIME,MARSABIT,ILL OUT AREA,ILL OUT AREA,M/V KNOCKED DOWN THE M/CYCLIST,M,A,,RIDER,1,2017-07-30,2017,,0
600,NAIROBI,SPINE ROAD,KAYOLE JUNCTION,THE VEHICLE COLLIDED HEAD ON WITH THE MOTOR CYCLE,M,A,29.0,M/CYCLIST,1,2017-07-29,2017,6.0,1
1400,KERICHO,KERICHO-LONDAINI,CHEPSIR AREA,THEVEHICLE WAS ON A HILL AND STARTED MOVING BACKWARD AND HIT THE TANKER,M,31,81.0,DRIVER,1,2017-07-29,2017,14.0,0
1730,MERU,CHOGORIA-MERU,MARA RIVER BRIGDGE,THE VEHICLE COLLIDED HEAD ON WITH THE MOTOR CYCLE,M,42,98.0,M/CYCLIST,1,2017-07-29,2017,17.0,1
1900,KERICHO,KERICHO-LONDIANI,KEDOWA AREA,THE VEHICLE LOST CONTOL AND VEERED OFF THE ROAD,M,A,26.0,PASSENGER,2,2017-07-29,2017,19.0,1
1845,NYERI,KERUGOYA-KARATINA,KARATINA AREA,THE VEHICLE COLLIDED HEAD ON WITH THE MOTOR CYCLE,M,25,10.0,M/CYCLIST,1,2017-07-29,2017,18.0,1
1900,NAKURU,NAKURU-NAIROBI,FREE AREA,THE VEHICLE KNOCKED DOWN A VICTIM,M,A,90.0,PEDSTIRAN,1,2017-07-29,2017,19.0,1
1830,MIGORI,OGWEDHI-OYANI MASAI MURRAM RD,TITINA AREA,THE VEHICLE KNOCKED THE M/CYCLE,M,A,98.0,P/PASSENGER,1,2017-07-29,2017,18.0,1
2050,KIAMBU,THIKA SUPER HIGHWAY,CLAYWORKS AREA,THE VEHICE KNOCKED DOWN A VICTIO\M,M,A,60.0,PEDSTIRAN,1,2017-07-29,2017,20.0,0
2230,MOMBASA,POTREITZ ROAD,CORNER SOWETO AREA,THE VICTIM WAS RAN OVER BY THE SAID VEHICLE,M,37,51.0,M/CYCLIST,1,2017-07-29,2017,22.0,0
630,KIAMBU,KIKUYU-WANGIGE ROAD,GITARU SLIP,THE CANTER BRAKES FAILED AND HIT THE MATATU,M,A,68.0,PASSENGER,1,2017-07-28,2017,6.0,1
20,NAIROBI,KABIRIA ROAD,SATELITE,HEAD ON COLLISION,M,28,8.0,M/CYCLIST,1,2017-07-28,2017,0.0,0
1050,BARINGO,ITEN-KARBANET,AINAMOI,THE VEHICLE KNOCKED DOWN THE VICTIM,F,J,7.0,PEDESTRIAN,1,2017-07-28,2017,10.0,0
1200,NAROK,NAROK-MAHIMAHIU,MALTAURO,THE LORRY LOST CONTROL AND HIT THE MATATU,F,A,26.0,PASSENGERS,5,2017-07-28,2017,12.0,0
1750,KIAMBU,NGOIGWA-THIKA ROAD,THIKA FLY OVER,THE M/CYCLE RAMMED INTO THE RARE OF THE LORRY,M,A,10.0,M/CYCLIST,1,2017-07-28,2017,17.0,1
630,KERICHO,KERICHO-KISUMU,KIPSITET AREA,THE TRAILER BREAK FAILED AND LOST CONTROL VEERING OFF THE ROAD AND OVERTURNED,M,A,78.0,DRIVER & PASSENGER,2,2017-07-27,2017,6.0,1
530,BARINGO,NAKURU - ELDORET,HILL TOP AREA,THE BUS RAMMED INTO THE RARE PART OF THE TRAILER,M&F,A&J,98.0,PASSENGERS,8,2017-07-27,2017,5.0,0
1500,NAIROBI,ENTERPRISE ROAD,NEAR KARATASI INDUSTRY,"THE LORRY LOST CONTROL, VEERING OFF THE ROAD AND ROLLED",M,A,98.0,DRIVER,1,2017-07-27,2017,15.0,0
1500,MOMBASA,NAIROBI-MOMBASA,BAHATI AREA,THE LORRY OVERAN A PEDESTRIAN WHO TRIED TO STEAL A RIDE,M,30,72.0,PEDESTRIAN,1,2017-07-27,2017,15.0,0
1520,KISII,KISII-KILGORIS,KIOGORO AREA,THE PROBOX BREAKS FAILED LOST CONTROL HITTING THE MATATU AND THE MATATU COLLIDED WITH THE M/CYCLE,M,A,78.0,2 PASSENGERS & P/PASSENGER,3,2017-07-27,2017,15.0,0
1500,MERU,MAUA-KIENGU,NEAR FARM AREA,THE M/CYCLE OVERAN THE OTHER ONE WHICH FELL DOWN,M,A,39.0,M/CYCLIST,1,2017-07-27,2017,15.0,0
1130,NAIROBI,KENYATTA AVENUE,NEAR SHELL PETROL STATION,THE VEHICLE KNOCKED DOWN THE VICTIM,M,45,98.0,PEDESTRIAN,1,2017-07-27,2017,11.0,0
1840,KISUMU,KAKAMEGA-KISUMU,RIAT AREA,THE MATATU OVERAN TWO P/PASSENGERS WHO FELL FROM THE M/CYCLE,M,A,39.0,P/PASSENGERS,2,2017-07-27,2017,18.0,1
2245,NYAMIRA,MOGOMBO-KEMERA,TOMBE AREA,THE VEHICLE LOST CONTROL VEERING OFF THE ROAD AND KNOCKED DOWN THE VICTIM,M,A,26.0,PEDESTRIAN,1,2017-07-27,2017,22.0,0
240,NAKURU,NAURU-ELDORET,MUKINYAI AREA,THE FH RAMMED INTO THE REAR OF THE TRAILER,M,A,17.0,PASSENGER,1,2017-07-27,2017,2.0,0
700,TRAN NZOIA,KITALE ELDORET,SIYENGA AREA,THE VEHICLE COLLIDED HEAD ON WITH MOTOR CYCLE,M,52,10.0,M/CYCLIST,1,2017-07-26,2017,7.0,1
1100,NAIROBI,FIRST PARKLANDS AVENUE,AVENUE HOSPITAL,THE VEHICLE KNOCKED DOWN THE VICTIM,M,A,,PEDESTRIAN,2,2017-07-26,2017,11.0,0
1130,NYAMIRA,KEROKA SOTIK,KIJAURI TRADING CENTRE,THE VEHICLE KNOCKED DOWN THE VICTIM,M,23,52.0,M/CYCLIST,1,2017-07-26,2017,11.0,0
1810,NAIROBI,OUTERING ROAD,DONHOLM SHELL PETROL STATION,THE VEHICLE KNOCKED DOWN THE VICTIM,M,45,,PEDESTRIAN,1,2017-07-26,2017,18.0,1
2050,MAKUENI,NAIROBI MOMBASA ROAD,TALEH HOTEL,THE VEHICLE KNOCKED DOWN THE VICTIM,M,31,60.0,PEDESTRIAN,1,2017-07-26,2017,20.0,0
730,MAKUENI,NAIROBI-MOMBASA,KYULU AREA,HEAD ON COLLISION,M,33,10.0,DRIVER,1,2017-07-25,2017,7.0,1
1540,KAKAMEGA,ELDORET-WEBUYE,MABANGA,HEAD ON COLLISION,M,33,26.0,PASSENGER,1,2017-07-25,2017,15.0,0
1445,NYERI,NYAHURURU-MWEIGA,NEAR KIMATHI UNIVERSITY,HEAD ON COLLISION,M & F,A,66.0,2 DRIVER & 2 PASSENGER,4,2017-07-25,2017,14.0,0
1710,NAIROBI,FIRST AVENUE,NEAR HESHIMA JUNCTION,THE VEHICLE KNOCKED DOWN THE VICTIM,F,25,68.0,PEDESTRIAN,1,2017-07-25,2017,17.0,1
1830,EMBU,EMBU-KIBUKU,NDUNDA AREA,"THE VEHICLE LOST CONTROL, VEERING OFF THE ROAD AND HIT A CALVERT",F,4,26.0,PASSENGER,1,2017-07-25,2017,18.0,1
2200,KISUMU,KISUMU-BUSIA,MOLASSES PLANT AREA,HEAD ON COLLISION,M,A,39.0,M/CYCLIST,1,2017-07-25,2017,22.0,0
230,NYERI,IRINDI-GATUGI,NEAR IRINDI PRIMARY SCHOOL,"THE M/CYCLE LOST CONTROL, VEERING OFF THE ROAD AND HIT A CALVERT",M,32,26.0,M/CYCLIST,1,2017-07-25,2017,2.0,0
UNKNOWN,MAKUENI,MOMBASA NAIROBI,HOLY GHOST HIGH SCHOOL,THE VEHICLE LOST CONTROL AND LANDED INTO A DITCH,M,A,11.0,DRIVER,1,2017-07-24,2017,,0
UNKNOWN,MAKUENI,MOMBASA NAIROBI,HOLY GHOST HIGH SCHOOL,THE VEHICLE LOST CONTROL AND LANDED INTO A DITCH,F,A,11.0,PASSENGER,1,2017-07-24,2017,,0
600,MERU,MAUA KIUTUNI,KWA NJIRU STAGE,THE VEHICLE LOST CONTROL AND HIT THE M/CYCLIST,M,30,26.0,M/CYCLIST,1,2017-07-24,2017,6.0,1
1730,KISII,KISII MIGORI,DARAJA MBILI AREA,THE BUS LOT CONTROL DUE TO BRAKE FAILURE AND RAMMED INTO THE CANTER WHICH HIT THE M/CYCLE,M,A,78.0,M/CYCLIST,1,2017-07-24,2017,17.0,1
1530,KAKAMEGA,SIGALAGALA BUTERE,BUSHANGALA AREA,THE VEHICLE KNOCKED DOWN THE VICTIM,M,69,25.0,P/PASSENGER,1,2017-07-24,2017,15.0,0
830,KIRINYAGA,MAKUTANO SAGANA,KWA V AREA,THE VEHICLE KNOCKED DOWN THE VICTIM,F,45,,PEDESTRIAN,1,2017-07-24,2017,8.0,1
2000,KISUMU,AWASI KERICHO,PALA AREA,HEAD ON COLLISION,M,A,37.0,DRIVER,1,2017-07-24,2017,20.0,0
UNKNOWN,NYANDARUA,OLKALAU NYAHURURU,NYAKARIANGA AREA,HIT AND RUN,M,A,38.0,PEDESTRIAN,1,2017-07-24,2017,,0
230,EMBU,KAMURUGU IRIAMURAI,KAMTUA,THE CYCLE LOST CONTROL AND LANDED INTO THE DITCH,M,40,,DRIVER,1,2017-07-24,2017,2.0,0
800,BOMET,BOMET KAPLONG,NEAR BOMET TOWN,HIT AND RUN,M,48,98.0,PEDESTRIAN,1,2017-07-22,2017,8.0,1
1815,NYAMIRA,NYAMIRA KISII,RIAMARANGA AREA,THE VEHICLE KNOCKED DOWN THE VICTIM,M,7,29.0,PEDESTRIAN,1,2017-07-22,2017,18.0,1
2030,MAKUENI,MOMBASA NAIROBI,MAKINDU TOWN BRIDGE,THE CYCLE RAMMED INTO THE P/CYCLIST,M,43,36.0,M/CYCLIST,1,2017-07-22,2017,20.0,0
1930,VIHIGA,CHAVAKALI KAPSABET,JEPTULU TRADING CENTRE,THE VICTIM JUMPED FROM THE MOVING CYCLE AND WAS OVERAN BY THE VEHICLE,F,13,71.0,P/PASSENGER,1,2017-07-22,2017,19.0,1
2230,HOMA BAY,BONDO AGIGO,AGIGO AREA,THE CYCLE LOST CONTROL AND VEERED OFF THE ROAD AND LANDED INTO A DITCH,M,33,29.0,M/CYCLIST,1,2017-07-22,2017,22.0,0
2230,NYERI,NYERI TETU,KAGUNDUNI AREA,HEAD ON COLLISION,M,45,98.0,P/PASSENGER,1,2017-07-22,2017,22.0,0
2300,KITUI,KITUI-KABATI,KATHIVO,THE UNKNOWN M/V HIT THE PEDAL CYCLE,M,A,98.0,P/CYCLIST,1,2017-07-21,2017,23.0,0
2330,MACHAKOS,MOMBASA -NAIROBIU,MLOLONGO,THE VEHICLE KNOCKED DOWN THE VICTIM,M,A,29.0,PEDESTRIAN,1,2017-07-21,2017,23.0,0
215,NAKURU,NAKURU-ELDORET,NAKURU TEACHERS COLLEGE,HEAD ON COLLISION,M,A,10.0,DRIVER & PASSENGER,2,2017-07-21,2017,2.0,0
2100,KAJIADO,NAMANGA-NAIROBI,DOLEGESHI,THE VEHICLE HIT THE CANTER,M,A,10.0,DRIVER,1,2017-07-21,2017,21.0,0
1800,EMBU,KIVAA-KIRITIRI,KIRITIRI,THE VEHICLE KNOCKED DOWN THE VICTIM,M,J,10.0,PEDESTRIAN,1,2017-07-21,2017,18.0,1
2030,KIAMBU,THIKA SUPERHIGH WAY,WAKI STAGE,THE VEHICLE HIT ANOTHER M/V,M,A,60.0,PASSENGER,1,2017-07-21,2017,20.0,0
1800,KITUI,MWINGI-KYUSO,MUUNGU,THE VEHICLE KNOCKED DOWN THE VICTIM,M,A,98.0,P/CYCLIST,1,2017-07-21,2017,18.0,1
1830,NAIROBI,NAIVASHA ROAD,TRITON,THE PEDESTRIAN FELL DOWN WHILE HE WAS TRYING TO BOARD THE BUS,M,A,72.0,PEDESTRIAN,1,2017-07-21,2017,18.0,1
1050,KITUI,KITUI-MACHAKOS,KAVINDANI,THE VEHICLE HIT ANOTHER M/V,M,A,98.0,DRIVER,1,2017-07-21,2017,10.0,0
2050,ELGEYO MARAKWET,ITEN ELDORET,MOROARIA,THE VEHICLE KNOCKED DOWN THE VICTIM,F,27,61.0,PEDESTRIAN,1,2017-07-19,2017,20.0,0
2000,NAIROBI,GETA ROAD,MWAMUTO,THE VICTIM JUMPED OUT OF THE VEHICLE AND WAS RAN OVER,F,A,73.0,PASSENGER,1,2017-07-19,2017,20.0,0
2030,NANDI,ELDORET KAPSABET,KOSIRAI,THE VEHICLE KNOCKED DOWN THE VICTIM,M,A,10.0,PEDESTRIAN,1,2017-07-19,2017,20.0,0
1830,NAIROBI,WAIYAKI WAY,UTHIRU,TH VEHICLE KNOCKED DOWN THE VICTIM,M,A,7.0,PEDESTRIAN,1,2017-07-19,2017,18.0,1
1600,MACHAKOS,NAIROBI MOMBASA,SIMBA CEMENT,THE VEHICLE KNOCKED DOWN THE VICTIM,M,A,98.0,PEDESTRIAN,1,2017-07-19,2017,16.0,0
1500,SIAYA,BONDO USENGE,GOT MATAR,HEAD ON COLLISION,M,A,10.0,M/CYCLIST,1,2017-07-19,2017,15.0,0
1500,SIAYA,BONDO USENGE,GOT MATAR,HEAD ON COLLISION,M,A,10.0,P/PASSENGER,1,2017-07-19,2017,15.0,0
1600,KISII,KISII KEROKA,NYAKEROMO,THE VEHICLE KNOCKED DOWN THE VICTIM,M,J,7.0,PEDESTRIAN,1,2017-07-19,2017,16.0,0
400,MAKUENI,MOMBASA NAIROBI,EMALI TOWN,THE VEHICLE KNOCKED DOWN THE VICTIM,M,32,98.0,P/CYCLIST,1,2017-07-16,2017,4.0,0
1730,KERICHO,KERICHO NAKURU,CHAGAIK AREA,THE VEHICLE KNOCKED DOWN THE VICTIM,F,A,98.0,P/PASSENGER,1,2017-07-16,2017,17.0,1
1900,KIAMBU,NAIROBI NAIVASHA,RAKUMA AREA,HIT AND RUN,M,26,60.0,PEDESTRIAN,1,2017-07-16,2017,19.0,1
2020,NYERI,NYERI MATHARI,HIGHLANDS AREA,THE VEHICLE KNOCKED DOWN THE VICTIM,M,57,98.0,PEDESTRIAN,1,2017-07-16,2017,20.0,0
2345,GARISSA,GARISSA MWINGI,MADOGO AREA,THE VEHICLE LOST CONTROL AND PLUGGED INTO TANA RIVER,M,A,98.0,PASSENGER,1,2017-07-16,2017,23.0,0
2130,KAKAMEGA,MUMIAS KAKAMEGA,MAKUNGA AREA,HIT AND RUN,F,A,98.0,PEDESTRIAN,1,2017-07-16,2017,21.0,0
2100,BUSIA,BUTULA MUMIAS,TINGOLO AREA,HEAD ON COLLISION,M,A,79.0,M/CYCLIST,1,2017-07-16,2017,21.0,0
2100,BUSIA,BUTULA MUMIAS,TINGOLO AREA,HEAD ON COLLISION,M,A,79.0,P/PASENGER,1,2017-07-16,2017,21.0,0
30,NAIROBI,MOMBASA ROAD,IMARA DAIMA AREA,THE VEHICLE KNOCKED DOWN THE VICTIM,M,A,98.0,PEDESTRIAN,1,2017-07-16,2017,0.0,0
1130,KAKAMEGA,KAKAMEGA KISUMU,NEAR MUKUMU BOYS,THE VEHICLE KNOCKED DOWN THE VICTIM,M,40,22.0,M/CYCLIST,1,2017-07-15,2017,11.0,0
1530,GARISSA,GARISSA MWINGI,NEAR MADOGO POLICE STATION,THE VEHICLE LOST CONTROL VEERED OFF AND ROLLED SEVERAL TIMES,M,25,98.0,PASSENGER,1,2017-07-15,2017,15.0,0
1700,NAIROBI,KANGUNDO ROAD,NEAR SHUJAA SHOPPING CENTRE,THE VEHICLE KNOCKED DOWN THE VICTIM,M,A,98.0,PEDESTRIAN,1,2017-07-15,2017,17.0,1
1730,NAIROBI,UHURU HIGHWAY,OPPOSITE PARLIAMENT BUILDING,THE VEHICLE KNOCKED DOWN THE VICTIM,M,36,63.0,PEDESTRIAN,1,2017-07-15,2017,17.0,1
2000,KAJIADO,KAJIADO ISINYA,NEAR CHINA TILES FACTORY,THE VEHICLE KNOCKED DOWN THE VICTIM,M,A,98.0,PEDESTRIAN,1,2017-07-15,2017,20.0,0
1030,NAKURU,NAIROBI NAKURU,PANDA AREA,THE VEHICLE KNOCKED DOWN A VICTIM,M,40,10.0,M/CYCLIST,1,2017-07-14,2017,10.0,0
1300,KILIFI,LIKONI UKUNDA,KIWERERA AREA,THE VEHICLE KNOCKED DOWN A VICTIM,M,55,7.0,PEDESTRIAN,1,2017-07-14,2017,13.0,0
1600,KISII,KISII KISUMU,NYAKOE AREA,THE VEHICLE KNOCKED DOWN A VICTIM AND ROLLED,M,J,26.0,PEDESTRIAN,1,2017-07-14,2017,16.0,0
1600,KISII,KISII KISUMU,NYAKOE AREA,THE VEHICLE KNOCKED DOWN A VICTIM AND ROLLED,M,A,26.0,PASSENGER,2,2017-07-14,2017,16.0,0
1945,MOMBASA,NAIROBI MOMBASA,NEAR MAGONGO NIGHT CLUB,THE VEHICLE KNOCKED DOWN THE VICTIM,M,23,10.0,P/PASSENGER,1,2017-07-14,2017,19.0,1
1830,MACHAKOS,MATUU MWINGI,KAVENGE AREA,THE VEHICLE GOT A TYRE BURST AND ROLLED,M,65,79.0,PASSENGER,1,2017-07-14,2017,18.0,1
200,NAIROBI,WAIYAKI WAY,SODOM AREA,THE VEHICLE KNOCKED DOWN THE VICTIM,M,51,98.0,PEDESTRIAN,1,2017-07-14,2017,2.0,0
2140,BUNGOMA,ELDORET BUNGOMA,FLYOVER,THE VEHICLE KNOCKED DOWN A VICTIM,M,A,68.0,PEDESTRIAN,1,2017-07-13,2017,21.0,0
100,MAKUENI,NAIROBI MOMBASA,KYULU,THE VEHICLE COLLIDED WITH THE OTHER VEHICLE,M,A,26.0,DRIVER,1,2017-07-13,2017,1.0,0
600,NAIROBI,KANGUNDO ROAD,NEAR SHELL PETROL STATION,THE VEHICLE KNOCKED DOWN A VICTIM,F,20,60.0,PEDESTRIAN,1,2017-07-12,2017,6.0,1
1400,GARISSA,GARISSA-KISMAIYO,NEAR SALAMA BAKARY,THE VEHICLE KNOCKED THE TUKTUK AND COLLIDED WITH M/CYCLE,M,36,7.0,M/CYCLIST,1,2017-07-12,2017,14.0,0
1520,KAKAMEGA,SISOTE-DOROFU MURRAM ROAD,MATOYI STREAM,THE VICTIM WAS OVER RAN BY THE VEHICLE,M,26,70.0,PASSENGER,1,2017-07-12,2017,15.0,0
2130,NAKURU,NAIROBI-NAKURU,FREE AREA,THE VEHICLE KNOCKED DOWN A VICTIM,F,A,60.0,PEDESTRIAN,1,2017-07-12,2017,21.0,0
2330,KWALE,MSAMBWENI-LUNGALUNGA,LUNGALUNGA AREA,THE VEHICLES COLLIDED HEAD ON,M,36,26.0,PASSENGER,1,2017-07-12,2017,23.0,0
2345,KITUI,KITUI-KANYONYO,KANYONYO AREA,THE VEHICLE KNOCKED DOWN A VICTIM,M,30,61.0,PEDESTRIAN,1,2017-07-12,2017,23.0,0
20,MACHAKOS,NAIROBI-MOMBASA,GREENPARK AREA,THE VEHICLES COLLIDED HEAD ON,M,25,8.0,DRIVER,1,2017-07-12,2017,0.0,0
1000,KAKAMEGA,KAKAMEGA-WEBUYE,MATSAKHA AREA,THE VEHICLE KNOCKED DOWN THE M/CYCLE,M,44,29.0,M/CYCLIST,1,2017-07-10,2017,10.0,0
2100,KIAMBU,KIAMBU-RUIRU,NEAR KIU RIVER,THE VEHICLE KNOCKED DOWN A VICTIM,M,A,7.0,PEDESTRIAN,1,2017-07-10,2017,21.0,0
2030,BUSIA,KISUMU-BUSIA,MATAYOS AREA,THE VEHICLE COLLIDED HEAD ON WITH THE M/CYCLE,M,26,39.0,M/CYCLIST,1,2017-07-10,2017,20.0,0
2120,KISUMU,KISUMU NAIROBI,KASAGAM,THE CRUISER HIT THE MATATU,M,A,26.0,PASSENGER,1,2017-07-09,2017,21.0,0
1120,MAKUENI,NAIROBI MOMBASA,NDOGOTE,HEAD ON COLLISION,M,A,10.0,DRIVER,1,2017-07-09,2017,11.0,0
2155,NAIROBI,WAIYAKI WAY,N MARKET,THE VEHICLE KNOCKED DOWN THE VICTIM,M,49,7.0,PEDESTRIAN,1,2017-07-09,2017,21.0,0
2145,NAIROBI,WAIYAKI WAY,WARUGU,THE VEHICLE KNOCKED DOWN THE VICTIM,M,A,7.0,PEDESTRIAN,1,2017-07-09,2017,21.0,0
1800,WEST POKOT,MAKUTANO LODWAR,BENDERA,THE VEHICLE HIT THE MOTOR CYCLE,M,A,10.0,M/CYCLIST,1,2017-07-09,2017,18.0,1
1730,NYERI,MUGANI MURIGURU,KAGUMO RIVER BRIDGE,THE VEHICLE LOST CONTROL AND THE VICTIM DIED ON THE SPOT,M,34,26.0,DRIVER,1,2017-07-09,2017,17.0,1
1730,NYERI,OTHAYA KARIMA,OTHAYA TOWN,THE CYCLE LOST CONTROL AND VEERED OFF THE ROAD HITTING A CULVERT,M,A,26.0,M/CYCLIST,1,2017-07-09,2017,17.0,1
800,EMBU,KATHENGE SIAKAGO,SIAKAGO,THE VEHICLE KNOCKED DOWN THE VICTIM,M,J,7.0,PEDESTRIAN,1,2017-07-09,2017,8.0,1
1350,NAIROBI,SOUTHERN BY PASS,KIBERA,HIT AND RUN,M,A,98.0,PEDESTRIAN,1,2017-07-09,2017,13.0,0
700,NAIROBI,KIAMBU ROAD,NEAR MUTAIGA P/STATION,THE VEHICLE KNOCKED DOWN THE VICTIM,M,32,63.0,PEDESTRIAN,1,2017-07-08,2017,7.0,1
400,NAROK,NAROK MAI MAHIU,DELLO HILL AREA,THE ISUZU LOST CONTROLVEERED OFF THE ROAD AND HIT THE TIPPER AND THE VICTIM,M,32,29.0,PEDESTRIAN,1,2017-07-08,2017,4.0,0
1130,NAKURU,BISMAK MURRAM ROAD,RANGE VIEW AREA,THE VEHICLE KNOCKED DOWN THE VICTIM,J,2,98.0,PEDESTRIAN,1,2017-07-08,2017,11.0,0
1730,NAIROBI,JOGOO ROAD,NEAR MOGAS PETROL STATION,THE VEHICLE KNOCKED DOWN THE VICTIM,M,A,98.0,PEDESTRIAN,1,2017-07-08,2017,17.0,1
1900,NYANDARUA,OLKALAU NYAHURURU,KIRIA AREA,HEAD ON COLLISION,M,A,37.0,M/CYCLIST,1,2017-07-08,2017,19.0,1
1940,SIAYA,KISUMU BONDO,KAUDHA AREA,THE VEHICLE KNOCKED DOWN THE VICTIM,M,80,98.0,P/CYCLIST,1,2017-07-08,2017,19.0,1
2030,NAKURU,NAIROBI NAKURU,MITHURI AREA,THE VEHICLE KNOCKED DOWN THE VICTIM,F,50,63.0,PEDESTRIAN,1,2017-07-08,2017,20.0,0
2040,NAIROBI,LUNGALUNGA ROAD,NEAR KENOLY FACTORY,HIT AND RUN,M,A,98.0,PEDESTRIAN,1,2017-07-08,2017,20.0,0
2200,NAIROBI,OUTERING ROAD,NEAR KIAMAIKO,THE VEHICLE KNOCKED DOWN THE VICTIM,M,A,98.0,PEDESTRIAN,1,2017-07-08,2017,22.0,0
2330,NYERI,OTHAYA NYERI,GURA BRIDGE,THE VEHICLE LOST CONTROL VEERED OFF THE ROAD AND LANDED INTO THE RIVER,M,A,26.0,DRIVER,1,2017-07-08,2017,23.0,0
2330,NYERI,OTHAYA NYERI,GURA BRIDGE,THE VEHICLE LOST CONTROL VEERED OFF THE ROAD AND LANDED INTO THE RIVER,M,A,26.0,PASSENGER,1,2017-07-08,2017,23.0,0
1645,MACHAKOS,KAVIANI SAIKONI,DENMARK,THE CYCLE KNOCKED DOWN THE VICTIM,F,3,10.0,PEDESTRIAN,1,2017-07-07,2017,16.0,0
2000,BARINGO,MARIGAT KABARNET,KIMAROK,HIT AND RUN,M,A,98.0,M/CYCLIST,1,2017-07-07,2017,20.0,0
1750,NAKURU,NAKURU ELDORET,EVEREADY,THE CYCLE RAMMED INTO THE VEHICLE,M,A,26.0,M/CYCLIST,1,2017-07-07,2017,17.0,1
1230,MERU,MERU EMBU,MARIARA,THE VEHICLE KNOCKED DOWN THE VICTIM,M,58,10.0,PEDESTRIAN,1,2017-07-07,2017,12.0,0
700,MAKUENI,NAIRBI MOMBASA,MAN EATERS,HEAD ON COLLISION,M,A,10.0,DRIVER,1,2017-07-07,2017,7.0,1
1800,BOMET,BOMET-NAROK,KAPJAMES AREA,THE VEHICLE KNOCKED DOWN A VICTIM,F,25,68.0,PEDESTRIAN,1,2017-07-06,2017,18.0,1
1740,KWALE,KOMBANI- KWALE,KOMBANI AREA,THE VICTIM SLIPPED AND FELL OFF A MOVING VEHICLE,F,33,72.0,PASSENGER,1,2017-07-06,2017,17.0,1
2240,NAIROBI,NORTH AIRPORT ROAD,KOBIL,HIT AND RUN,M,A,98.0,PEDESTRIAN,1,2017-07-05,2017,22.0,0
2240,NAROK,NAROK MAI MAHIU,DUKA MOJA,THE VEHICLE KNOCKED DOWN A VICTIM,M,J,60.0,PEDESTRIAN,1,2017-07-05,2017,22.0,0
2300,GARISSA,MASALANI GARISSA,NANIGI,THE VEHICLE LOST CONTROL AND ROLLED SEVERAL TIMES,M,A,26.0,DRIVER,1,2017-07-05,2017,23.0,0
2030,KISUMU,KISUMU NAIROBI,MOLEM,THE VEHICLE KNOCKED DOWN A VICTIM,M,A,10.0,PEDESTRIAN,1,2017-07-05,2017,20.0,0
1720,NYANDARUA,NYAHURURU DESTINATION,DESTINATION,THE VEHICLE KNOCKED DOWN A VICTIM,M,A,10.0,PEDESTRIAN,1,2017-07-05,2017,17.0,1
430,KIAMBU,THIKA SUPER HIGHWAY,NEAR KU UNIVERSITY,THE VEHICLE HIT THE M/CYCLE,M,48,29.0,M/CYCLIST,1,2017-07-04,2017,4.0,0
1030,KAKAMEGA,KHAYEGA-SHINYALU,SHIHILU AREA,THE VEHICLE KNOCKED DOWN A VICTIM,M,32,7.0,PEDESTRIAN,1,2017-07-04,2017,10.0,0
2230,MOMBASA,NAIROBI-MOMBASA,CHANGAMWE STAGE,THE VEHICLE KNOCKED DOWN A VICTIM,M,42,29.0,PEDESTRIAN,1,2017-07-04,2017,22.0,0
2030,KILIFI,RAMISI-MSAMBWENI,MWISHO WA SHAMBA AREA,THE VEHICLE HIT THE M/CYCLE,M,19,98.0,M/CYCLIST,1,2017-07-04,2017,20.0,0
2130,MACHAKOS,MACHAKOS-KYUMBI,MIWANI,THE VEHICLE KNOCKED DOWN A M/CYCLIST,M,A,98.0,RIDER,1,2017-07-03,2017,21.0,0
1730,KIAMBU,BANANA-KIAMBU,NGEGU,THE VEHICLE KNOCKED DOWN A VICTIM,M,A,68.0,PEDESTRIAN,1,2017-07-03,2017,17.0,1
730,MERU,CHUKA-EMBU,NAKA,"THE VEHICLE LOST CONTROL,VEERED OFF THE ROAD AND ROLLED SEVERAL TIMES",M,A,26.0,DRIVER,1,2017-07-03,2017,7.0,1
1100,BUNGOMA,BUNGOMA-MALABA,IKAPOLOK,THE VEHICLE HIT THE M/CYCLE,M,A,10.0,PASSENGER,1,2017-07-03,2017,11.0,0
1000,NYANDARUA,NAIROBI-NAIVASHA,KINALE AREA,LOST CONTROL AND VEERED OFF THE ROAD KILLING A PASSANGER,F,A,26.0,PASSANGER,1,2017-07-02,2017,10.0,0
730,MOMBASA,NAIROBI-MOMBASA,CHANGAMWE STAGE,KNOCKED DOWN A PEDESTRIAN,M,40,68.0,PEDESTRIAN,1,2017-07-02,2017,7.0,1
1720,MACHAKOS,NAIROBI-MOMBASA,SMALL WORLD,COLLIDED HEAD ON,M&F,"46,47,34",8.0,DRIVER & 2 PASSENGERS,3,2017-07-02,2017,17.0,1
2000,KISUMU,KISUMU-KAKAMEGA,COPTIC CHURCH AREA,LOST CONTRL AND DASHED IN A DITCH,M,47,78.0,DRIVER & 2 PASSENGERS,1,2017-07-02,2017,20.0,0
2000,KIAMBU,SOUTHERN BY -PASS,NEAR THOGOTO FLY-OVER,HIT AND RUN,M,33,98.0,PEDESTRAIN,1,2017-07-02,2017,20.0,0
1945,HOMABAY,HOMA BAY-MBITA,KODUOGO,RAMMED AT THE REER OF M/CYCLE,M,19,29.0,M/CYCLIST,1,2017-07-02,2017,19.0,1
2145,NAKURU,NAIROBI-NAKURU,NGORIKA NDOGO AREA,KNOCKED DOWN A PEDESTRIAN,F,A,60.0,PEDESTRIAN,1,2017-07-02,2017,21.0,0
2230,MAKUENI,NAIROBI-MOMBASA,NEAR GLORIOUS WINNERS ACADEMY,RAMMED AT THE REER OF M/CYCLE,M,24,76.0,M/CYCLIST,1,2017-07-02,2017,22.0,0
500,NAIROBI,OUTERNG ROAD,NAIVAS SPERMARKET,HIT AND RUN,M,A,98.0,M/CYCLIST,1,2017-07-01,2017,5.0,0
2200,KIAMBU,EASTERN BYPASS,KAMAKIS,COLLIDED HEAD ON,F,A,10.0,DRIVER,1,2017-07-01,2017,22.0,0
2000,BUSIA,BUSIA-MIMIAS,BUGENDI,HIT P/CYCLIST,M,A,7.0,P/CYCLIST,1,2017-07-01,2017,20.0,0
2100,BUNGOMA,BUNGOMA-WEBUYE,MATISI,HIT AND KNOCKED DOWN PEDESTRIAN,M,A,7.0,PEDESTRIAN,1,2017-07-01,2017,21.0,0
730,UASIN GISHU,ELDORET-KAPSABET,AIRPORT GATE,HIT THE SAID M/CYCLE,M,A,10.0,P/P/PASSENGER,1,2017-07-01,2017,7.0,1
730,NAKURU,NAKURU-SUBUKIA,KAHIGA,KNOCKED DOWN A PEDESTRIAN,M,A,63.0,PEDESTRIAN,1,2017-07-01,2017,7.0,1
700,NAIROBI,SOUTHERN,MUTUINE,VEERED OFF THE HITTING GUARD RAILS ON THE ROAD SIDE,M,A,26.0,DRIVER,1,2017-07-01,2017,7.0,1
820,NAIROBI,THIKA SUPERHIGHWAY,MUTHAIGA FOOTBRIDGE,HIT AND RUN,M,31,63.0,PEDESTRIAN,1,2017-06-30,2017,8.0,1
1500,NAIROBI,WAIYAKI WAY,KANGEMI AREA,THE VEHICLE KNOCKED DOWN THE VICTIM,M,A,26.0,PEDESTRIAN,1,2017-06-30,2017,15.0,0
2330,UASIN GISHU,ELDORET NAKURU,TOTAL PETROL STATION,THE PRADO RAMMED INTO THE STARLET WHICH IN TURN HIT THE COLT,M,19,98.0,PASSENGER,1,2017-06-30,2017,23.0,0
45,KISII,KEROKA NYAGUSU,MASIMBA AREA,HIT AND RUN,M,55,98.0,PEDESTRIAN,1,2017-06-30,2017,0.0,0
2300,ISIOLO,ISIOLO ARCHERS POST,GALE MARA,THE VEHICLE LOST CONTROL AND VEERED OFF THE ROAD AND ROLLED SEVERAL TIMES,M,A,26.0,PASSENGER,2,2017-06-25,2017,23.0,0
15,KILIFI,MALINDI MOMBASA,MALINDI TOWNSHIP,HEAD ON COLLISION,M,A,26.0,M/CYCLIST,1,2017-06-25,2017,0.0,0
1230,KAKAMEGA,LWANDETI LUGARI,RUHOHO,THE CYCLE KNOCKED DOWN THE VICTIM,M,A,98.0,PEDESTRIAN,1,2017-06-25,2017,12.0,0
500,NAIROBI,MURANGA ROAD,KAHAMA,THE VEHICLE HIT A PAVEMENT,M,A,98.0,DRIVER,1,2017-06-23,2017,5.0,0
30,NAIROBI,THIKA SUPERHIGHWAY,SURVEY AREA,THE CYCLE RAMMED INTO THE STATIONERY VEHICLE,M,A,26.0,M/CYCLIST,1,2017-06-23,2017,0.0,0
1200,KILIFI,MOMBASA NAIROBI,MARIAKANI WEIGHBRIDGE,THE TOYOTA ALLION COLLIDED HEAD ON WITH THE SALOON CAR,M,A,10.0,PASSENGER,1,2017-06-23,2017,12.0,0
1730,KAJIADO,MAGADI,MAASAI LODGE,THE VEHICLE KNOCKED DOWN THE VICTIM,M,A,26.0,PEDESTRIAN,1,2017-06-23,2017,17.0,1
1630,NYERI,CHINGA GAKURU,KARIKO GAKURU,THE CYCLE KNOCKED DOWN THE VICTIM,M,J,98.0,PEDESTRIAN,1,2017-06-23,2017,16.0,0
1430,MURANGA,MURANGA KAHURO,GATHAMBA,THE MATATU COLLIDED HEAD ON WITH THE CYCLE,M,A,26.0,M/CYCLIST,1,2017-06-23,2017,14.0,0
1200,UASIN GISHU,LORETO ZIWA MACHINE MURRAM ROAD,KIMURGOI AREA,THE VEHICLE KNOCKED DOWN THE VICTIM,M,28,8.0,M/CYCLIST,1,2017-06-22,2017,12.0,0
2015,KIRINYAGA,SAGANA KENOL ROAD,NEAR TANA GARDEN,THE BELTA SWEREVED TO THE RIGHT AND WAS HIT BY THE STARLET,M,A,98.0,DRIVER,1,2017-06-22,2017,20.0,0
2015,KIRINYAGA,SAGANA KENOL ROAD,NEAR TANA GARDEN,THE BELTA SWEREVED TO THE RIGHT AND WAS HIT BY THE STARLET,M,A,98.0,PASSENGER,1,2017-06-22,2017,20.0,0
2100,NAIROBI,WAIYAKI WAY,NEAR KANGEMI STAGE,THE VEHICLE KNOCKED DOWN THE VICTIM,F,30,98.0,PEDESTRIAN,1,2017-06-22,2017,21.0,0
2200,NAIROBI,NEW PUMWANI ROAD,KARIOKOR ROUND ABOUT,THE VEHICLE KNOCKED DOWN THE VICTIM,M,30,98.0,M/CYCLIST,1,2017-06-22,2017,22.0,0
1600,MOMBASA,MULTIPLE HAULIERS ROAD,CONTAINER GATE,THE KBX HIT THE KBS WHICH INTURN KNOCKED THE VICTIM,M,32,81.0,PEDESTRIAN,1,2017-06-20,2017,16.0,0
1700,GARISSA,KISMAIYO ROAD,NEAR SONKO NGOMBE JUNCTION,THE VEHICLE KNOCKED DOWN THE VICTIM,M,A,50.0,P/PASSENGER,1,2017-06-20,2017,17.0,1
1900,NYAMIRA,IKONGE CORNER,KIBIRIGO VIONGOZI STAGE,HEAD ON COLLISION,F,34,29.0,P/PASSENGER,1,2017-06-20,2017,19.0,1
2030,MERU,CHOGORIA CHUKA,KATHARAKA AREA,HEAD ON COLLISION,M,46,29.0,DRIVER,1,2017-06-20,2017,20.0,0
2000,HOMA BAY,KATITU KENDU BAY,KOBALA AREA,THE VEHICLE KNOCKED DOWN THE VICTIM,M,37,98.0,PEDESTRIAN,1,2017-06-20,2017,20.0,0
1330,KAKAMEGA,SHILONGO FUVARE MURRAM ROAD,FUVARE AREA,THE VICTIM TRIED TO BOARD THE TRACTOR BUT FELL DOWN AND WAS OVERAN BY THE VEHICLE,M,20,69.0,PEDESTRIAN,1,2017-06-18,2017,13.0,0
1830,KISII,KEROKA MASIMBA,ICHUNI AREA,THE VEHICLE LOST CONTROL AND ROLLED SEVERAL TIMES,F,28,29.0,PASSENGER,1,2017-06-18,2017,18.0,1
1900,KAKAMEGA,KHAYEGA SHINYALU,IROBO AREA,HIT AND RUN,M,33,7.0,PEDESTRIAN,1,2017-06-18,2017,19.0,1
2015,NAIROBI,WAIYAKI WAY,UTHIRU SHOPPING CENTRE,THE VEHICLE KNOCKED DOWN THE VICTIM,M,59,98.0,PEDESTRIAN,1,2017-06-18,2017,20.0,0
1600,MERU,MERU NANYUKI,NKUNGA FOREST,HEAD ON COLLISION,M,A,8.0,PASSENGER,1,2017-06-18,2017,16.0,0
2030,KISUMU,KISUMU BONDO,KADERO AREA,HEAD ON COLLISION,M,23,8.0,M/CYCLIST,1,2017-06-18,2017,20.0,0
1900,MERU,MERU NANYUKI,KISIMA AREA,HEAD ON COLLISION,M,A,8.0,DRIVER,1,2017-06-18,2017,19.0,1
1900,MERU,MERU NANYUKI,KISIMA AREA,HEAD ON COLLISION,M,A,8.0,PASSENGER,1,2017-06-18,2017,19.0,1
400,MAKUENI,NAIROBI MSA ROAD,KANGA,"THE M/V TOYOTA WISH WAS DRIVEN BY ELIUD ONGERI WITH 6 OCCUPANTS FRO MSA ,UPON REACHING THE LOCATION OF THE ACCIDENTS LEFT HIS LANE AND HIT THE TRAILER WHICH RESULTED THE DEATH OF ONE JAMES WAITHAGA",M,37,10.0,PASSENGER,1,2017-06-17,2017,4.0,0
1550,KIRINYAGA,SAGANA-MAKUTANO-KENOL RD,TEBERE CONSTRUCTION SITE,THE UNKNOWN M/V DRIVEN BY UNKNOWN DRIVER HEADING TO NAIROBI RAMMED THE REAR OF THE M/CYCLE BEFORE LOOSING CONTROL AND KNOCKING DOWN TWO PEDESTRIANS KILLING THEM ON THE SPOT,M,21& 28,7.0,PEDESTRIANS,1,2017-06-17,2017,15.0,0
2030,SIAYA,KISUMU BUSIA RD,KEMFRI AREA,"THE TOYOTA PROBOX DRIVEN BY ONE AVISI ETESI TOWARDS LUANDA UPON REACHING THE LOCATION THE DRIVER WAS OVERTAKING ANOTHER VEHICES WHEN HE HIT THE LEFT SIDE OF THE LORRY , DUE TO THAT THE PROBOX LOST CONTROL AND ROLLED SEVERALLY.",M,50,10.0,PASSENGER,1,2017-06-17,2017,20.0,0
1900,MAKUENI,MACHAKOS -WOTE RD,NEAR LUUNI BRIDGE AREA,"THE M/V TOYOTA WAS HEADING TOWARDS MACHAKOS WHEN ON REACHING THE LOCATION THE VEHICLE HIT A POT HOLE AND LOST CONTROL, VEERED OFF THE ROAD AND LANDED BY THE ROAD SIDE KILLING A PASSENGER",F,A,25.0,PASSENGER,1,2017-06-17,2017,19.0,1
2230,KIAMBU,LIMURU KIAMBU ROAD,MUTISI JUCNTION,THE M/V TOYOTA 110 FAILED TO GOVE WAY AND WAS HIT BY THE SAID TRIPPER LORRY AS ARESULT OF THE ACCIDENT THE DRIVER OF 110 AND F/A/PASSENGER DIED ON THE SPOT,M/F,A,25.0,DRIVER PASSENGER,1,2017-06-17,2017,22.0,0
645,KAKAMEGA,EKERO EBUHANGA,EBOKOLO,HIT AND RAN,M,26,98.0,PEDESTRIAN,1,2017-06-16,2017,6.0,1
900,HOMA BAY,KENDU BAY-KATITO,BIAFRA,HIT AND RAN,M,A,98.0,PEDESTRIAN,1,2017-06-16,2017,9.0,1
2100,NYERI,NYERI-NANYUKI,NATIONAL OIL PETROL STATION,THE VEHICLE KNOCKED DOWN THE VICTIM,M,A,50.0,PEDAL CYCLIST,1,2017-06-16,2017,21.0,0
220,NAROK,NAROK-MAIMAHIU,MALTAURO,THE VEHICLE LOST CONTROL AND LANDED INTO A DITCH,F,A,78.0,PASSENGER,1,2017-06-16,2017,2.0,0
2015,KERICHO,BURET NGOINA,NGOINA JUNCTION,THE PROBOX WAS OVERTAKING UNKNOWN M/V HENCE COLLIDED HEAD ON WITH THE PETROL TANKER,M,A,10.0,7 PASSENGERS 1 DRIVER,8,2017-06-16,2017,20.0,0
1100,NAIROBI,MATHIORA ROAD,KAWANGWARE,THE VEHICLE KNOCKED DOWN THE VICTIM,M,A,98.0,PEDESTRIAN,1,2017-06-11,2017,11.0,0
1330,NYAMIRA,NYAMIRA KISII ROAD,ISANDA AREA,THE VEHICLE KNOCKED DOWN THE VICTIM,M,10,98.0,PEDESTRIAN,1,2017-06-11,2017,13.0,0
1300,MACHAKOS,MATUU THIKA ROAD,NYS AREA,HEAD ON COLLISION,F,29,10.0,PASSENGER,1,2017-06-11,2017,13.0,0
1630,EMBU,KYENI KARURUMO MARRUM ROAD,KANINI KEGA AREA,THE VEHICLE GOT A TYRE BURST AND ROLLED,M,51,78.0,DRIVER,1,2017-06-11,2017,16.0,0
1600,KILIFI,KILIFI MOMBASA,TAKAHUNGU AREA,THE TANKER LOST CONTROL AND HIT THE M/CYCLE,M,A,19.0,P/PASSENGER,1,2017-06-11,2017,16.0,0
1900,MACHAKOS,KANYONYO EMBU,KAGONDE AREA,THE VEHICLE LOST CONTROL AND RAMMED INTO A TREE,M,34,21.0,PASSENGER,1,2017-06-11,2017,19.0,1
1930,KISUMU,OBUNGA KONDELE,NEAR OBUNGA TRADING CENTRE,THE VEHICLE COLLIDED WITH M/CYCLE,F,A & J,57.0,P/PASSENGER,2,2017-06-11,2017,19.0,1
210,KIAMBU,LIMURU KWABIRA,OCEANLINE AREA,HIT AND RUN,M,30,98.0,PEDESTRIAN,1,2017-06-11,2017,2.0,0
UNKNOWN,KIAMBU,THIKA SUPERHIGHWAY,NEAR CAPITAL CENTRE,HIT AND RUN,M,A,59.0,PEDESTRIAN,1,2017-06-11,2017,,0
2040,TAITA TAVETA,VOI KALOLENI,VOI JUNCTION,HEAD ON COLLISION,M,63,22.0,M/CYCLIST,1,2017-06-11,2017,20.0,0
1000,KERICHO,KENEGUT KAPSOIT,KAPSISIYWO,THE VEHICLE KNOCKED DOWN THE MOTOR CYCLE,F,A,37.0,PILLION PASSENGERS,2,2017-05-29,2017,10.0,0
1140,KAJIADO,NAIROBI KISERIAN,FATIMA,THE VEHICLE VEERED OFF THE ROAD,M,A,26.0,M/CYCLIST,1,2017-05-29,2017,11.0,0
1730,LAIKIPIA,NYERI NYAHURURU,MARINA AREA,THE VEHICLE LOST CONTROL AND COLLIDED HEAD ON WITH THE BUS,M,A,26.0,PASSENGERS,1,2017-05-29,2017,17.0,1
530,NAIROBI,JOGOO ROAD,NEAR MAKADARA FOOTBRIDGE,M/V KNOCKED DOWN UNKNOWN M/A PEDESTRIAN KILLING HIM ON THE SPOT.,M,A,98.0,PEDESTRIAN,1,2017-05-23,2017,5.0,0
1230,NAIROBI,KIAMBU ROAD,NEAR CID HQS,UNIDENTIFIED M/V LOST CONTROL VEERING OFF THE ROAD AND LANDED INTO KARURA RIVER KILLING THE DRIVER ON THE SPOT.,M,A,98.0,DRIVER,1,2017-05-23,2017,12.0,0
530,TAITA TAVETA,NAIROBI- MOMBASA,MAUNGU TRADING CENTER,P/UP COLLUDED HEAD ON WITH THR TRAILOR WHERE M/A PASSENGER IN THE P/UP DIED ON THE SPOT.,M,55,8.0,PASSENGER,1,2017-05-23,2017,5.0,0
1140,BARINGO,MARIGAT- MOGOTIO,RADAT AREA,M/V KNOCKED DOWN UNKNOWN M/A PEDESTRIAN KILLING HIM ON THE SPOT.,M,A,30.0,PEDESTRIAN,1,2017-05-23,2017,11.0,0
1600,VIHIGA,ELDORET - KITALE,KONA MBAYA AREA,M/V KNOCKED DOWN A F/A PEDESTRIAN KILLING HER ON THE SPOT,F,A,26.0,PEDESTRIAN,1,2017-05-23,2017,16.0,0
1745,NYERI,KARARTINA- KIMABARA,GATHUGU AREA,M/V KNOCKED DOWN M/JUVENILE PEDESTRIAN SUSTAININIG SERIOUS INJURIES AND DIED IN HOSPITAL. DRIVER ESCAPED.,M,3,26.0,PEDESTRIAN,1,2017-05-23,2017,17.0,1
2100,KAKAMEGA,KISUMU- KAKAMEGA,MUKUMU AREA,M/V RAMMED INTO THE REAR OF THE SAID M/CYCLE WHOSE RIDER IS UNKNOWN KILLING F/A P/PASSENGER ON THE SPOT.,M AND F,A,29.0,M/CYCLIST AND P/PASSENGER,2,2017-05-23,2017,21.0,0
530,MOMBASA,MOMBASA- KILIFI,NEAR TUSYS,TRAILOR KNOCKED DOWN M/A PEDESTRIAN KILLING HIM ON THE SPOT.,M,A,8.0,PEDESTRIAN,1,2017-05-21,2017,5.0,0
1200,KIAMBU,BANANA- RUAKA,KIGWARU AREA,M.CYCLIST RAMMED INTO THE REAR OF THE SAID VITS AND DUE TO IMPACT THE RIDER WAS THROWN ON THE RIGHT SIDE OF THE ROAD WHERE HE WAS HIT BY THE MATATU AND DIED ON THE SPOT.,M,31,77.0,M/CYCLIST,1,2017-05-21,2017,12.0,0
1700,KIAMBU,THIKA SUPERHIGHWAY,KIHUNGURO OVERPASS,BUS DRIVER KNOCKED DOWN M/A PEDESTRIAN SUSTAINED SERIOUS INJURIES AND DIED IN HOSPITAL,M,A,60.0,PEDESTRIAN,1,2017-05-21,2017,17.0,1
1720,KAJIADO,NAMANGA- KITENGELA,CHUNA RD JUNCTION,LORRY WAS HIT FROM THE REAR BY THE SAID M/CYCLE WHICH WAS NOT FOUND AT THE SCENE CARRYING A M/A P/PASSENGER WHO FALL ON THE ROAD SUSTAINING SERIOUS INJUIRIES AND DIED ON THE WAY TO HOSPITAL,M,20,37.0,P/PASSENGER,1,2017-05-21,2017,17.0,1
2140,KISUMU,KISUMU- NAIROBI,NEAR KASAGAM FLY OVER,M/V DRIVER KNOCHED DOWN A M/A PEDESTRIAN KILLING HIM ON THE SPOT.,M,35,68.0,PEDESTRIAN,1,2017-05-21,2017,21.0,0
130,KERICHO,KERICHO- KISUMU,CHEPKOLON AREA,M/V KNOCHED DOWN UNKNOWN M/A PEDESTRIAN KILLING HIM ON THE SPOT.,M,A,98.0,PEDESTRIAN,1,2017-05-21,2017,1.0,0
1645,MARSABIT,MOYALE- HEILLU,HEILLU AREA,M/CYCLIST CARRYING OONE M/A PASSENGER RAMMED INTO THE REAR OF THE SAID LORRY WHERE THE P/PASSENGER SUSTAINING SERIOUS INJURIES AND DIED AT HOSPITAL.,M,19,36.0,P/PASSENGER,1,2017-05-21,2017,16.0,0
600,NAIROBI,THIKA SUPERHIGHWAY,NEAR JUBILEE HOUSE,M/V HIT UNKNOWN M/A/PEDESTRIAN WHO WAS CROSING THE ROAD FROM L-R KILLING HIM INSTANTLY.,M,A,98.0,PEDESTRIAN,1,2017-05-20,2017,6.0,1
1230,HOMA BAY,KENDU BAY/ HOMA BAY RD,NEAR SAMANGA SHOPPING CENTRE,M/CYCLIST LOST CONTROL AND HIT A CULVERT ON THE SIDE OF THE ROAD.DIED ON THE SPOT.,M,40,26.0,RIDER,1,2017-05-20,2017,12.0,0
1410,MACHAKOS,NAIROBI- MOMBASA,BRIDGE 39 AREA,DRIVER WAS OVERTAKING CARELESSLY AND IN THE PROCCESS COLLUDED HEAD ON WITH THE SAID M/BENZ.DRIVER OF TOYOTA COROLLA DIED ON THE SPOT.,M,A,10.0,DRIVER,1,2017-05-20,2017,14.0,0
1800,KISUMU,KISUMU- BUSIA,CHULAIMBO AREA OPP. SLAUGHTER HSE,M/A/PASSENGER FELL OFF A MOVING VEHICLE DYING ON THE SPOT.,M,52,73.0,PASSENGER,1,2017-05-20,2017,18.0,1
1700,KISUMU,SAB ATIA EKERO RD,UNSPECIFIED,M/V DRIVER HIT TWO M/CYCLES AT A ROAD JUNCTION KILLING THEM ON THE SPOT.,M,A,10.0,RE,2,2017-05-20,2017,17.0,1
1945,LAIKIPIA,KINAMBA- NYAHURURU,KARAND SHOPPING CENTRE,M/CYCLIST KNOCKED A PERSON CROSSSING THE ROAD FROM L-R AND HE DIED ON THE SPOT.,M,43,63.0,PEDESTRIAN,1,2017-05-20,2017,19.0,1
2115,MERU,MERU- MAUA,KARELENI AREA,MATATU DRIVER HIT A P/CYCLIST KILLING HIM ON THE SPOT,M,50,29.0,PEDAL CYCLIST,1,2017-05-20,2017,21.0,0
630,KAJIADO,NAMANGA- KAJIADO,NEAR NGATATAEK TOWN,M/V KILLED A M/A PEDESTRIAN KILLING HIM ON THE SPOT.,M,63,61.0,PEDESTRIAN,1,2017-05-19,2017,6.0,1
730,KIAMBU,NORTHERN BY- PASS,KAMAE AREA,M/V DRIVER HIT A M/CYCLIST WHO DIED ON THE SPOT.,M,32,22.0,M/CYCLIST,1,2017-05-19,2017,7.0,1
1100,KISUMU,KISUMU- BUSIA,NEAR NGUVU PETROL STATION,BUS DRIVER HIT A M/CYCLE CARRYING ONE F/A P/PASSENGER WHO DIED ON THE SPOT.,F,29,10.0,P/PASSENGER,1,2017-05-19,2017,11.0,0
1830,NYANDARUA,OL KALOU- KARIAMU,KWA WATER AREA,P/UP DRIVER COLLUDED HEAD ON WITH M/CYCLE. M/CYCLIST DIED ON THE SPOT.,M,19,37.0,M/CYCLIST,1,2017-05-19,2017,18.0,1
1940,NAKURU,MAI MAHIU- NAIVASHA,BUBBLES T- JUNCTION,M/V KNOCKED DOWN UNKNOWN M/A PEDESTRIAN KILLING HIM ON THE SPOT.,M,A,98.0,PEDESTRIAN,1,2017-05-19,2017,19.0,1
2030,UASIN GISHU,ELDORET- WEBUYE,NYATHIRU AREA,M/CYCLIST HIT A HUGE ROCK WHICH WAS ON THE ROAD WHERE THE RIDER FALL DOWN AND DIED ON THE SPOT.,M,A,10.0,M/CYCLIST,1,2017-05-19,2017,20.0,0
2130,MERU,LARE- MAUA,KK TRADING CENTER,LORRY DRIVER LOST CONTROL AND LANDED INTO A DITCH AND AS A RESULT ONE M/A PASSENGER DIED ON THE SPOT.,M,A,40.0,PASSENGER,1,2017-05-19,2017,21.0,0
1900,MARSABIT,MARSABIT- KARGI,HULAHULA AREA,M/V LOST CONTROL VEERING OFF THE ROAD AND LANDED INTO A DITCH KILLING ONE M/A PASSENGER ON THE SPOT.,M,49,87.0,PASSENGER,1,2017-05-19,2017,19.0,1
1030,KISII,KEROKA-KISII,NYANSIRA AREA,"THE VEHICLE LOST CONTROL, VEERING OFF THE ROADAND OVERTURNED",M,30,26.0,DRIVER,1,2017-05-18,2017,10.0,0
2000,MACHAKOS,MACHAKOS-HUDUMA CENTRE,NEAR MAKAMITHI TRADING CENTRE,THE VEHICLEKNOCKED DOWN THE VICTIM,M,40,16.0,PEDESTRIAN,1,2017-05-18,2017,20.0,0
1100,BUNGOMA,KITALE-WEBUYE,MALIKI,THE DRIVER OF THE SAID VEHICLE HIT A PEDESTRIAN ON REACHING THE LOCATION OF THE ACCIDENT.,1,A,7.0,PEDESTRIAN,1,2017-05-15,2017,11.0,0
1200,KISII,KISII-MARAMI,KISII TOWNSHIP,DRIVER OF THE SAID VEHICLE RAN OVER THE SAID M/CYCLE FATALLY INJURING THE RIDER.,1,A,10.0,M/ CYCLIST,1,2017-05-15,2017,12.0,0
2330,BOMET,BOMET- KAPLONG RD,KAMUEREITO AREA,RIDER AND P/PASSENGER OF THE SAID M/CYC HIT THE RIGHT FRONT SIDE OF THE SAID M/VEHICLE FATALLY INJURING BOTH OF THEM.,M,20 & 25 YRS,37.0,M/CYLIST & P/PASSENGER,2,2017-05-15,2017,23.0,0
1000,NAIROBI,MOMBASA ROAD,NEAR MOMBASA ROAD- EMBAKASI ROAD JUNCTION,M/V DRIVER DUE TO HIGH SPEED LOST CONTROL VEERING OFF THE ROAD KNOCKING DOWN A M/A PEDESTRIAN KILLING HIM ON THE SPOT.,M,30,29.0,PEDESTRIAN,1,2017-05-14,2017,10.0,0
1030,EMBU,EMBU- SIAKAGO,KANYARIRI AREA,M/CYCLIST KNOCKED DOWN A F/A PEDESTRIAN WHO WAS CROSSSIND THE ROAD KILING HIM ON THE SPOT.,F,77,61.0,PEDESTRIAN,1,2017-05-14,2017,10.0,0
1750,KAKAMEGA,WEBUYE- ELDORET,MAPANGA AREA,M/V COLLIDED WITH A TRAILOR WHOSE DRIVER ESCAPED WHERE ONE F/A PASSENGER IN A SALOON DIED ON THE SPOT.,F,48,26.0,PASSENGER,1,2017-05-14,2017,17.0,1
1730,KAJIADO,NAMANGA- KITENGELA,NEAR GULF PETROL STATION,TUKTUK WAS HIT BY THE M/CYCLE WHICH WAS OVERLAPPING WHERE THE M/CYCLIST DIED WHILE UNDERGOING TREATMENT.,M,A,45.0,M/CYCLIST,1,2017-05-14,2017,17.0,1
1730,NAIROBI,THIKA SUPERHIGHWAY,NEAR MUTHAIGA FOOT BRIDGE,M/V KNOCKED DOWN UNKNOWN M/A PEDESTRIAN KILLING HIM ON THE SPOT.,M,A,63.0,PEDESTRIAN,1,2017-05-14,2017,17.0,1
2100,KAKAMEGA,WEBUYE- KAKAMEGA,MATETE AREA,MATATU WAS HIT AT THE RIGHT SIDE BY THE SAID M/CYCLE WHERE THE DRIVER SUSTAINED SERIOUS INJURIES AND DIED ON ARRIVAL TO HOSPITAL.,M,A,26.0,M/CYCLIST,1,2017-05-14,2017,21.0,0
2245,MACHAKOS,NAIROBI- MOMBASA,NEAR GREEN PARK AREA,M/V COLLUDED HEAD ON WITH A TRAILOR WHERE ON F/A PASSENGER AND M/V DRIVER DIED ON THE SPOT.,M AND F,34 AND 24,10.0,DRIVER AND PASSENGER,2,2017-05-14,2017,22.0,0
2330,NAIROBI,MOMBASA ROAD,NEAR AIRPORT JUNCTION,M/V RAMMED INTO THE REAR OF THE M/CYCLE WHERE TWO PEOPLE DIED.,M,A,29.0,M/CYCLIST AND P/PASSENGER,2,2017-05-14,2017,23.0,0
1900,MACHAKOS,KIVANINI- MASINGA,MUSINGINI AREA,"M/CYCLIST HIT A HIP OF SOIL, LOST CONTROL VEERING OFF THE ROAD AND LANDED INTO A DITCH WHERE HE DIED ON THE SPOT.",M,29,26.0,M/CYCLIST,1,2017-05-14,2017,19.0,1
900,MURANGA,KANDARA- KITHIMA,KIGUOYA AREA,M/V HIT ONE PERSON KILLING HIM INSTANTLY.,M,36,98.0,PEDESTRIAN,1,2017-05-13,2017,9.0,1
1540,NAKURU,ELDORET NAKURU,SOBEA AREA,LORRY COLLUDED WITH A M/CYCLE KILLING THE RIDER ON THE SPOT.,M,20,22.0,RIDER,1,2017-05-13,2017,15.0,0
1930,NAKURU,ELDORET NAKURU,NEAR GIDDO PLAZA,M/V DRIVER KNOCKED DOWN A PERSON CROSSING THE ROAD KILLING HIM ON THE SPOT.,M,57,60.0,PEDESTRIAN,1,2017-05-13,2017,19.0,1
2000,EMBU,KAWANJARA- ISHIARA,KANYUAMBORA,N/V HIT THE OX-CART KILING THE CART DRIVER ON THE SPOT.,M,A,63.0,DRIVER,1,2017-05-13,2017,20.0,0
2320,NAKURU,ELDORET NAKURU,SOBEA AREA,M/V HIT ONE PERSON CROSSING THE ROAD KILING HIM INSTANTLY.,M,25,60.0,PEDESTRIAN,1,2017-05-13,2017,23.0,0
20,NAIROBI,NORTH AIRPORT,NEAR OIL- LIBYA PETROL STN,UNKNOWN M/V HIT ONE PERSON CROSSING THE ROAD KILLING HIM ON THE SPOT.,M,30,98.0,PEDESTRIAN,1,2017-05-13,2017,0.0,0
230,NAIROBI,MOMBASA ROAD,NEAR STD GROUP,M/V DRIVER LOST CONTROL AND ROLLED LANDING INTO A DITCH.DRIVER DIED ON THE SPOT.,M,A,26.0,DRIVER,1,2017-05-13,2017,2.0,0
730,KIAMBU,KIKUYU-WANGIGE,KINGEERO AREA,THE VEHICLE LOST CONTROL VEERING OFF THE ROAD,F,45,11.0,PEDESTRIAN,1,2017-05-12,2017,7.0,1
1130,MARSABIT,MOYALE TOWN,BIASHARA STREET,THE LORRY OVERAN THE MOTOR CYCLE,M,A,45.0,M/CYCLIST,1,2017-05-12,2017,11.0,0
2230,KIAMBU,LOWER KABETE,KINGEERO AREA,HIT & RUN,M,33,11.0,PEDESTRIAN,1,2017-05-12,2017,22.0,0
17,NAIROBI,WAIYIAKI WAY,NEAR N MARKET,THE VEHICLE KNOCKED DOWN THE VICTIM,M,27,98.0,PEDESTRIAN,1,2017-05-12,2017,0.0,0
2345,KIAMBU,ITURAMIRO-KIBIRU MURRAM ROAD,KIBIRU TRADING CENTER,THE VEHICLE KNOCKED DOWN THE VICTIM,M,A,26.0,PEDESTRIAN,1,2017-05-12,2017,23.0,0
1955,MACHAKOS,MATUU-THIKA,YATTA GK PRISONS AREA,THE VEHICLE KNOCKED DOWN THE VICTIM,M,48,61.0,PEDESTRIAN,1,2017-05-12,2017,19.0,1
2045,MACHAKOS,NAIROBI -MOMBASA,KITENGELA INTERCHANGE,THE PICK UP HIT THE MOTOR CYCLE,M,A,37.0,P/PASSENGER,1,2017-05-12,2017,20.0,0
230,NAKURU,GILGIL - NAKURU,SOYSAMBU AREA,"THE BUS WAS OVERTAKING IMPROPERLY AND LOST CONTROL, HIT THE TRAILER",M & F,A,10.0,PASSENGERS,18,2017-05-12,2017,2.0,0
715,MERU,MERU-CHUKA,KURUKUCHA AREA,THE VEHICLE KNOCKED DOWN THE VICTIM,M,50,26.0,PEDESTRIAN,1,2017-05-04,2017,7.0,1
1330,NYERI,CHAKA-KIGANJO,CHAKA SHOPPING CENTER,HEAD ON COLLISION,M,A,8.0,DRIVER,1,2017-05-04,2017,13.0,0
2030,NAKURU,KAPTEMBWA-KAPKURES,NDARUGU RIVER,THE PEDAL CYCLE BREAKS FAILED AND FALL INTO THE RIVER,M,40,54.0,PEDAL CYCLIST,1,2017-05-04,2017,20.0,0
UNKNOWN,KIAMBU,NAIROBI-NAIVASHA,KAMANDURA AREA,HIT & RUN,M,A,98.0,PEDESTRIAN,1,2017-05-03,2017,,0
630,MACHAKOS,MOMBASA- NAIROBI,MAANZONI AREA,HEAD ON COLLISION,M&F,A,11.0,DRIVER & PASSENGER,2,2017-05-03,2017,6.0,1
1340,MACHAKOS,MATUU-THIKA,NEAR MATUU POLICE STATION,THE VEHICLE RAMMED INTO THE REAR OF M/CYCLE,F,52,29.0,P/PASSENGER,1,2017-05-03,2017,13.0,0
1610,KAJIADO,KISERIAN - RONGAI,KWARE AREA,HEAD ON COLLISION,M,27,26.0,P/PASSENGER,1,2017-05-03,2017,16.0,0
1800,KILIFI,MALINDI-LAMU,NEAR MALINDI TOWN,THE VEHICLE KNOCKED DOWN THE VICTIM,M,80,61.0,PEDESTRIAN,1,2017-05-03,2017,18.0,1
1856,MOMBASA,NAIROBI-MOMBASA,NEAR CHANGAMWE STAGE,THE VEHICLE LOST CONTROL AND KNOCKED DOWN THE VICTIM,F,48,26.0,PEDESTRIAN,1,2017-05-03,2017,18.0,1
1200,EMBU,EMBU-KIBUGU,GATUNDURI,"THE TRICYCLE LOST CONTROL , VEERING OFF THE ROAD AND LANDED INTO A DITCH.",M,A,26.0,RIDER,1,2017-04-25,2017,12.0,0
1430,KERICHO,KERICHO-KISUMU,RAI CEMENT FACTORY,"THE VEHICLE LOST CONTROL, VEERING OFF THE ROAD AND HIT A FACTORY WALL",M,A,26.0,DRIVER,1,2017-04-25,2017,14.0,0
900,MACHAKOS,NAIROBI-MOMBASA,KWA MWAMBI,THE VEHICLE HIT THE TRAILER,M,A,29.0,PASSENGER,1,2017-04-25,2017,9.0,1
1700,MURANGA,KENOL-MAKUYU,KENOL,THE VEHICLE KNOCKED DOWN THE VICTIM,M,A,10.0,PASSENGER,1,2017-04-25,2017,17.0,1
2100,NYERI,OTHAYA-RURUGUTI,NYAMARI,HEAD ON COLLISION,M,A,26.0,MOTOR CYCLIST,1,2017-04-25,2017,21.0,0
2030,NAIROBI,KANGUNDO ROAD,COCA COLA BOTTLERS,THE VEHICLE KNOCKED DOWN THE VICTIM,M,A,10.0,PEDESTRIAN,1,2017-04-25,2017,20.0,0
1930,KAKAMEGA,KAKAMEGA-KISUMU,SIGALAGALA,THE VEHICLE KNOCKED DOWN THE VICTIM,M,A,60.0,PEDESTRIAN,1,2017-04-25,2017,19.0,1
1438,NAIROBI,MACHARIA ROAD,STAGE TWO,THE VEHICLE KNOCKED DOWN THE VICTIM,M,A,98.0,PEDESTRIAN,1,2017-04-25,2017,14.0,0
1845,KIRINYAGA,KIRINYAGA-KUTUS,GREEN VINEYARD,THE VEHICLE KNOCKED DOWN THE VICTIM,M,A,79.0,PEDESTRIAN,1,2017-04-25,2017,18.0,1
1645,KIAMBU,LIMURU-KUTUS,KABUKU,THE VEHICLE KNOCKED DOWN THE VICTIM,M,A,63.0,PEDESTRIAN,1,2017-04-25,2017,16.0,0
2110,MURANGA,KENOL-MURANGA,KAHARATI JUNCTION,THE VEHICLE KNOCKED DOWN THE VICTIM,M,53,68.0,PEDESTRIAN,1,2017-04-25,2017,21.0,0
40,MAKUENI,MOMBASA-NAIROBI,KAMBU,THE BUS COLLIDED WITH THE TRAILER WHILE WAS OVERTAKING AND IT LANDED ON ITS SIDE,M,A,68.0,PASSENGERS,17,2017-04-25,2017,0.0,0
630,SIAYA,SIAYA-NYANDORERA,URANGA AREA,THE VEHICLE GOT A TYRE BURST AND LOST CONTROL AND ROLLED SEVERAL TIMES,M&F,45&52,79.0,PASSENGERS,2,2017-03-31,2017,6.0,1
1030,NANDI,KAPSABET -CHAVAKALI,SURUNGAI AREA,THE VEHICLE KNOCKED DOWN A P/CYCLIST,M,45,37.0,P/CYCLIST,1,2017-03-31,2017,10.0,0
1500,NYERI,NYERI-GATHUTHI,MASHAKO AREA,HIT AND RUN,M,45,98.0,PEDESTRIAN,1,2017-03-31,2017,15.0,0
1900,KAKAMEGA,KAKAMEGA-WEBUYE,KAMBIRI AREA,THE VEHICLE KNOCKED DOWN A PEDESTRIAN,M,A,16.0,PEDESTRIAN,1,2017-03-31,2017,19.0,1
1930,KILIFI,MALINDI-LAMU,MHANA I TRADING CENTER,THE VEHICLE KNOCKED DOWN A PEDESTRIAN,M,A,61.0,PEDESTRIAN,1,2017-03-31,2017,19.0,1
2100,KAJIADO,METO-MAILI TISA MURRAM ROAD,MALI AREA,"THE VEHICLE LOST CONTROL , VEERED OFF THE ROAD AND HIT A POLE",M,19,80.0,PASSENGER,1,2017-03-31,2017,21.0,0
2100,NAIROBI,OUTERING ROAD,NEAR HURUMA KPLC,THE VEHICLE KNOCKED A P/CYCLIST,M,40,98.0,P/CYCLIST,1,2017-03-31,2017,21.0,0
2330,KIAMBU,NAIVASHA -NAIROBI,ZAMBEZI AREA,THE VEHICLE COLLIDED HEAD ON WITH THE M/CYCLIST,M,33,57.0,M/CYCLIST,1,2017-03-31,2017,23.0,0
835,NAIROBI,UHURU HIGHWAY,INTERCONTINENTAL ZEBRA CROSSING,THE UNKNOWN M/V KNOCKED DOWN F/A PEDESTRIAN KILLING HER ON THE SPOT.,F,A,98.0,PEDESTRIAN,1,2017-03-30,2017,8.0,1
UNKNOWN TIME,NYANDARUA,NYERI NYAHURURU,GWA KUNGU AREA,THE UNKNOWN M/V KNOCKED DOWN M/A PEDESTRIAN KILLING HER ON THE SPOT.,M,25,98.0,PEDESTRIAN,1,2017-03-30,2017,,0
1100,KITUI,KUNDA KINDU MAIN STAGE,NEAR SHAKIM BUTCHERY,THE M/V REVERSED AND HIT THE M/CYCLE KILLING HIM ON THE SPOT.,M,51,16.0,M/CYLIST,1,2017-03-30,2017,11.0,0
1600,BARINGO,TALAI KAPTUM MURRAM ROAD,KABARTONJO AREA,THE M/V HIT A M/A PEDESTRIAN TRIED TO STEAL A RIDE WHERE HE FELL DOWN AND DIED.,M,20,72.0,PEDESTRIAN,1,2017-03-30,2017,16.0,0
1630,NYAMIRA,NYAMIRA KISII,SIRONGA AREA,THE M/V HIT THE M/CYLCLE WHO SUSTAINED SERIOUS INJURIES AND DIED AT NYAMIRA HOSPITAL,M,22 YRS,37.0,M/CYLIST,1,2017-03-30,2017,16.0,0
1900,KITUI,KALINDU NGIINI MUTUNE ROAD,ALONGSIDE,M/V COLLIDED HEAD ON WITH THE M/CYCLE WHO FAILED TO KEEP HIS NEAR SIDE AND DIED.,M,27,8.0,M/CYLIST,1,2017-03-30,2017,19.0,1
1030,UASIN GISHU,ELDORET WEBUYE,RAIPLY AREA,THE M/CYCLE COLLIDED HEAD ON WITH THE M/V RESULTING THE DEATH OF THE M/CYCLIST.,M,A,10.0,M/CYLIST,1,2017-03-30,2017,10.0,0
0700 HRS,EMBU,EMBU MERU,ENA BRIDGE,THE UNKNOWN M/V KNOCKED DOWN A M/ JUVENILE KILLING HIM ON THE SPOT.,M,6,60.0,PEDESTRIAN,1,2017-03-29,2017,,0
0600 HRS,NAROK,NAROK MAIMAHIU,NEAR NAROK TOWN,THE UNKNOWN M/V KNOCKED DOWN A M/ A PEDESTRIAN KILLING HIM ON THE SPOT.,M,A,61.0,PEDESTRIAN,1,2017-03-29,2017,,0
1800,MACHAKOS,JOSKA KAGUNDO,ATHI RIVER BRIDGE,THE M/CYCLE LOST CONTROL VEERING OFF THE ROAD HITTING AN ELECTRIC POLE WHERE P/ PASSENGER DIED ON THE SPOT.,M,22,79.0,P/PASSENGER,1,2017-03-29,2017,18.0,1
1800,ISIOLO,ISIOLO MARSABIT,ISIOLO TOWNSHIP,THE M/V KNOCKED DOWN A M/A PEDESTRIAN SUSTAINED SERIOUS INJURIES AND DIED AT HOSPITAL .,M,60,29.0,PEDESTRIAN,1,2017-03-29,2017,18.0,1
0045 HRS,KIAMBU,NAIROBI LIMURU,RUENO AREA,THE M/V COLLIDED WITH THE TUTUK RESULTING THE DEATH OF THE DRIVER AND M/A PASSENGER.,M,"28, 31 YRS",7.0,DRIVER & PASSENGER,2,2017-03-29,2017,,0
0500hrs,MACHAKOS,NAIROBI-MOMBASA,CHUMVI AREA,THE M/V LOST CONTROL VEERING OFF THE ROAD AND PLUGGED INTO A BRIDGE KILLING ONE F/A PASSENGER ON THE SPOT,F,20,60.0,PASSENGERS,1,2017-03-27,2017,,0
1550,BUSIA,NAMBALE- MALANGA,SUWO AREA,THE TRACTOR HIT A POTHOLE THROWING ONE PASSENGER ON THE ROAD WHERE HE DIED ON THE SPOT.,M,A,30.0,PASSENGERS,1,2017-03-27,2017,15.0,0
1700,NAIROBI,KAWANGWARE,NEAR WEMA HOSPITAL,THE M/V HIT UNREGISTERED M/CYCLE KILLING HIM ON THE SPOT.,M,35,14.0,M/CYCLIST,1,2017-03-27,2017,17.0,1
1100,NAKURU,NAKURU- ELDORET,NEAR SALMAN CENTRE BUILDING,THE VEHICLE KNOCKED DOWN THE VICTIM,M,38,68.0,PEDESTRIAN,1,2017-03-27,2017,11.0,0
1930,KIAMBU,NAIVASHA NAIROBI,GITARU AREA,THE VEHICLE KNOCKED DOWN THE VICTIM,F,30,68.0,PEDESTRIAN,1,2017-03-27,2017,19.0,1
1725,NYERI,NYAHURURU NYERI,MWEIGA AREA,HEAD ON COLLISON,M,31,98.0,DRIVER,1,2017-03-27,2017,17.0,1
2230,UASIN GISHU,ELDORET WEBUYE,PEMUGI AREA,THE VEHICLE KNOCKED DOWN THE VICTIM,M,A,7.0,P/CYCLIST,1,2017-03-27,2017,22.0,0
630,HOMA BAY,RODI NDHIWA,RODI,THE VEHICLE LOST CONTROL AND VEERED OFF THE ROAD AND ROLLED SEVERAL TIMES,M,A,,DRIVER,1,2017-03-26,2017,6.0,1
630,HOMA BAY,RODI NDHIWA,RODI,THE VEHICLE LOST CONTROL AND VEERED OFF THE ROAD AND ROLLED SEVERAL TIMES,M,A,,PASSENGER,1,2017-03-26,2017,6.0,1
1820,MACHAKOS,NAIROBI MOMBASA,SABAKI,THE VEHICLE KNOCKED DOWN THE VICTIM,F,A,60.0,PEDESTRIAN,1,2017-03-26,2017,18.0,1
2100,NAROK,NAROK MAIMAHIU,STIMA,THE CANTER LOST CONTROL AND HIT THE MATATU,F,A,7.0,PASSENGER,2,2017-03-26,2017,21.0,0
710,NAIROBI,LOWER KABETE,NEAR TOTAL PETROL RD,THE MISTUBISHI OUTLANDER FAILED TO KEEP TO HIS LANE AND COLLIDED WITH M/CYCLIST KILLING HIM INSTANTLY.,M,39,8.0,RIDER,1,2017-03-25,2017,7.0,1
1350,NAIROBI,MOMBASA RD,NEAR GATEWAY MALL,THE M/V KNOCKED DOWN THE VICTIM AND DROVE AWAY.,M,A,29.0,RIDER,1,2017-03-25,2017,13.0,0
1620,EMBU,EMBU- KIVAA,KIRITIRI TRADING CEN TRE,THE M/V KNOCKED DOWN THE VICTIM .,M,70,7.0,PEDESTRIAN,1,2017-03-25,2017,16.0,0
1945,NAKURU,NAKURU- NAIROBI,MARULA AREA,THE T/MATATU OVERTOOK A FLEET OF VEHICLESAND WHILE AVOIDING COLLIDING WITH THE TRAILER SWERVED TO THE RIGHT AND HIT THE M/CYCLIST THROWING IT ON THE ROAD. WHERE BY TRAILER OVER RUN THE RIDER & PASSENGER KILLING THEM INSTANTLY.,M,A,39.0,PEDESTRIAN & RIDER,2,2017-03-25,2017,19.0,1
NAROK,NAROK,NAROK- BOMET,OLOLUNGA TRADING CENTRE,THE T/L/CRUISER HIT THE M/CYCLIST KILLING THE VICTIM .,M,23,8.0,RIDER,1,2017-03-25,2017,,0
1830HRS,UASIN NGISHU,PLATEAU GIRLS HIGH SCHOOL,FIELD,THE M/V RUN OVER THE VICTIM AND THE VICTIM DIED WHILE UNDER GOING TREATMENT.,F,16,70.0,PEDESTRIAN,1,2017-03-24,2017,,0
810,KAKAMEGA,ELDORET- WEBUYE,MABANGA,UNKOWN PEDAL CYCLIST LOST CONTROL AND FELL DOWN ON THE ROAD AFTER HE WAS OVERTOOK BY THE LORRY AND DIED ON THE SPOT.,M,A,10.0,P/CYCLIST,1,2017-03-24,2017,8.0,1
845HRS,MURANGA,THIKA - KENOL,KABATI FLYOVER,THE M/V GOT TYRE BURST AND ROLLED SEVERALLY KILLING A PASSENGER ON THE SPOT.,F,42,79.0,PASSENGER,1,2017-03-24,2017,,0
1230,NAIROBI,THIKA,SURVEY,THE M/V OVER RUNED A PASSENGER WHO JUMPED DOWN WHILE THE BUS WAS ON MOTION KILLING ON THE SPOT.,M,A,98.0,PASSENGER,2,2017-03-24,2017,12.0,0
1445,KIAMBU,KIAMBU WEST,KIAMUMBI KAMITI CORNER,THE M/V HIT THE VICTIM KILLING HIM.,M,22,11.0,PEDESTRIAN,1,2017-03-24,2017,14.0,0
1530HRS,KERICHO,KERICHO LETAIN,LETAIN,THE M/V KNOCKED DOWN THE VICTIM KILLING HIM INSTANTLY.,F,61,7.0,PEDESTRIAN,1,2017-03-24,2017,,0
1730HRS,NAIROBI,LADHIS,SAKWA JUNCTION,THE LORRY HIT THE M/CYCLIST FROM BEHIND AND DIED ON THE SPOT.,M,26,63.0,M/CYCLIST,1,2017-03-24,2017,,0
0600HRS,NAROK,CHORA,ALONGSIDE THE SAID RD,THE TRACTOR HIT A BIG STONE AND THREW A PASSENGER WHO WAS RUSHED TO NAROK HOSPITAL AND DIED WHILE UNDER GOING TREATMENT.,M,A,70.0,PASSENGER,1,2017-03-24,2017,,0
0220HRS,NAIROBI,MOMBASA,GENERAL MORTORS,UNKNOWN PEDESTRIAN WAS HIT BY UNKNOWN M/V WHICH DID NOT STOP AND DIED ON THE SPOT.,M,A,98.0,PEDESTRIAN,1,2017-03-24,2017,,0
1330,KAKAMEGA,BUSIA-MAYONI,LAIRI RIVER,THE VEHICLES LOST CONTROL AND OVERTURNED,F,A,26.0,PASSENGERS,1,2017-03-23,2017,13.0,0
930,NANDI,KABIYET KURGONG-KIPKAREN SALIA RD,KIPKAREN SALIA JUNCTION,THE M/CYCLE COLLIDED HEAD ON WITH ANOTHER M/CYCLE,M,25&28,37.0,RIDERS,2,2017-03-23,2017,9.0,1
730,KIRINYAGA,SAGANA-KARATINA,KARIMA AREA,THE VEHICLES KNOCKED DOWN A PEDESTRIAN,F,43,98.0,PEDESTRIAN,1,2017-03-23,2017,7.0,1
730,KAKAMEGA,EKERO-SABATIA,KAMBI NJIRINYA,THE VEHICLE COLLIDED HEAD ON WITH THE M/CYCLE,M & F/J,52 &17,98.0,RIDER & P/PASSENGER,2,2017-03-23,2017,7.0,1
1830,UASIN GISHU,WITHIN UASIN GISHU,PLATEAU GIRLS HIGH SCHOOL,THE VEHICLE DRAGGED THE VICTIM,F,16,70.0,PASSENGERS,1,2017-03-23,2017,18.0,1
1845,KIAMBU,LIMURU-KAMANDURA,LIMURU HOTEL,THE M/CYCLE WAS HIT BY A LORRY,F,41,98.0,P/PASSENGER,1,2017-03-22,2017,18.0,1
1400,BOMET,SOTIK-NAROK,CHEPILAT HIGHWAY ACADEMY,THE BUS RAN OVER THE VICTIM WHO WAS TRYING TO BOARD THE MOVING BUS,J,M,9.0,PEDESTRIAN,1,2017-03-22,2017,14.0,0
615,BARINGO,NAKURU-ELDORET,MAWE TATU AREA,THE VEHICLE COLLIDED HEAD ON WITH A TRAILER WHILE OVERTAKING,M,25&19,10.0,PASSENGERS,2,2017-03-21,2017,6.0,1
930,MURANGA,MAKENJI-MURUKA,GITURI AREA,THE M/CYCLE COLLIDED HEAD ON WITH THE M/VEHICLE,M,A,37.0,RIDER & P/PASSENGER,2,2017-03-21,2017,9.0,1
930,NANDI,KAPSABET-CHAVAKALI,MOTHER FRANSISCA AREA,THE M/CYCLE KNOCKED DOWN A PEDESTRIAN,M,38,6.0,PEDESTRIAN,1,2017-03-21,2017,9.0,1
1400,NAIROBI,PROF.WANGARI MATHAI,SHELL PETROL STN,THE M/CYCLE LOST CONTROL AND ROLLED SEVERAL TIMES,M,A,36.0,RIDER & P/PASSENGER,2,2017-03-21,2017,14.0,0
1500,KIAMBU,NYERI - THIKA,DELMONTE FACTORY JUNCTION,THE M/CYCLE HIT THE REAR SIDE OF THE LORRY,M,40,57.0,RIDER,1,2017-03-21,2017,15.0,0
1600,NYANDARUA,OLKALOU-KARIAMU,KWA WATER AREA,THE VEHICLE COLLIDED HEAD ON WITH THE M/CYCLE,M,50,7.0,RIDER,1,2017-03-21,2017,16.0,0
1330,EMBU,EMBU-MERU,KIARAGANA,THE MATATU COLLIDED HEAD ON WITH THE BUS,2M & F,A,10.0,1 DRIVER & 2 PASSENGERS,3,2017-03-21,2017,13.0,0
1540,KIRINYAGA,SAGANA-MAKUTANO,RUKANGA,THE VEHICLE LOST CONTROL AND KNOCKED DOWN THE M/CYCLE,M,21 & 21,26.0,RIDER & P/PASSENGER,2,2017-03-21,2017,15.0,0
1700,MIGORI,AWENDO - RONGO,KANYAWANGA JUNCTION,THE M/CYCLE COLLIDED HEAD ON WITH THE M/VEHICLE,M,A,50.0,RIDER & P/PASSENGER,2,2017-03-21,2017,17.0,1
1900,NAROK,KISII-KILGORIS,NYANGUSU MARKET,THE VEHICLE MADE A SUDDEN U-TURN DRAGGING A PEDESTRIAN,M,9,15.0,PEDESTRIAN,1,2017-03-21,2017,19.0,1
2115,NYERI,NYERI-KARATINA,KANYAMA AREA,THE VEHICLE KNOCKED DOWN A PEDESTRIAN,M,A,63.0,PEDESTRIAN,1,2017-03-21,2017,21.0,0
1530,KIAMBU,NORTHERN BY PASS ROAD,NGOMONGO QUARRY,THE MOTOR VEHICLE KNOCKED DOWN A PEDESTRIAN,M/A,22,60.0,PEDESTRIAN,1,2017-03-20,2017,15.0,0
2030,NYANDARUA,OLKALOU-NYAHURURU ROAD,KAHURUKO AREA,THE MATATU KNOCKED DOWN A PEDESTRIAN,M,47,60.0,PEDESTRIAN,1,2017-03-20,2017,20.0,0
1930,BUNGOMA,BUNGOMA-MALABA,NANGENI AREA,THE VICTIM WAS RUN OVER BY A TYRE OF A TRACTOR,M/J,13,99.0,PEDESTRIAN,1,2017-03-20,2017,19.0,1
30,KIAMBU,NAIVASHA-NAIROBI,MAGINA AREA,THE M/VEHICLE LOST CONTROL AND COLLIDED WITH THE LORRY,M,34,,DRIVER,1,2017-03-20,2017,0.0,0
330,KERICHO,MUHORONI-LONDIANI,TUNNEL AREA,THE BUS COLLIDED HEAD ON WITH THE VEHICLE,M&F,A,78.0,PASSENGERS,6,2017-03-19,2017,3.0,0
445,TAITA-TAVETA,MSA-NRB,MANYANI,THE TRAILER COLLIDED HEAD ON WITH THE VEHICLE,M&F,A,8.0,1 DRIVER & 4 PASSENGERS,5,2017-03-19,2017,4.0,0
430,NAIROBI,KANGUNDO RD,SHELL PETROL STATION NEAR NJIRU T CENTRE,THE UNKNOWN VEHICLE KNOCKED DOWN A PEDESTRIAN,F,40,98.0,PEDESTRIAN,1,2017-03-19,2017,4.0,0
630,SIAYA,KISUMU-BUSIA,MADEA AREA,THE BUS LOST CONTROL AND COLLIDED HEAD ON WITH THE TRAILER,M,A,20.0,PASSENGERS,2,2017-03-19,2017,6.0,1
745,KILIFI,KILIFI-MOMBASA,NEAR MNARANI SEC SCHOOL,THE M/VEHICLE LOST CONTROL AND HIT THE M/CYCLE,M,A,26.0,RIDER,1,2017-03-19,2017,7.0,1
1230,KILIFI,KALOLENI- MAZERAS RD,MWAKOMBE AREA,THE VEHICLE HIT A PEDESTRIAN,M,33,10.0,PEDESTRIAN,1,2017-03-19,2017,12.0,0
1530,LAIKIPIA,MATANYA ROAD,MUGETHO AREA,THE VEHICLE HIT THE M/CYCLE,M,A,,1 RIDER & 1P/PASSENGER,2,2017-03-19,2017,15.0,0
1830,TRANS NZOIA,KIMILILI-CHWELE ROAD,SICHEI AREA,THE VEHICLE KNOCKED DOWN THE M/CYCLE,M,36,52.0,PASSENGERS,1,2017-03-19,2017,18.0,1
1800,MACHAKOS,MATUU-THIKA ROAD,KWA MAKAA AREA,THE BUS LOST CONTROL AND VEERED OFF THE ROAD,M,36,26.0,PASSENGERS,1,2017-03-19,2017,18.0,1
2215,MACHAKOS,NAIROBI-TALA ROAD,NEAR TALA HIGH SCHOOL,THE VEHICLE KNOCKED DOWN A PEDESTRIAN,M,41,,PEDESTRIAN,1,2017-03-19,2017,22.0,0
2205,NAIROBI,MURANGA RD,NEAR NAIROBI WATER,THE VEHICLE KNOCKED DOWN A PEDESTRIAN,F,28,68.0,PEDESTRIAN,1,2017-03-19,2017,22.0,0
2120,MAKUENI,MSA-NRB,NEAR MASIMBA SGR STN,THE MOTOR VEHICLE HIT THE REAR WHEEL OF THE TRAILER LOST CONTROL AND COLLIDED WITH ANOTHER VEHICLE,M,A,8.0,DRIVER,1,2017-03-18,2017,21.0,0
2030,SIAYA,BONDO-KISUMU,KAUDHA AREA,THE M/CYCLE KNOCKED DOWN A PEDESTRIAN,F,65,98.0,PEDESTRIAN,1,2017-03-18,2017,20.0,0
1900,HOMA-BAY,KINDU-BAY KATITU,UNSPECIFED,THE UNKOWN VEHICLE KNOCKED DOWN A PEDESTRIAN,M,8,98.0,PEDESTRIAN,1,2017-03-18,2017,19.0,1
1500,KISUMU,KATITO KEMDUBAY,KAMONDO BRIDGE,THE M/CYCLE LOST CONTROL AND WAS KNOCKED DOWN BY THE SAID BUS,M&F,"42,24,32",26.0,RIDER & P/PASSENGER,3,2017-03-18,2017,15.0,0
1200,KIAMBU,GATUNDU RD,OPP PCEA GATEWAY CHURCH,THE MOTORCYCLE COLLIDED WITH THE SAID MATATU,M,A,8.0,RIDER,1,2017-03-18,2017,12.0,0
610,KILIFI,KILIIFI-DIANI,CORNER BEACH JUNTION,THE VEHICLE LOST CONTOL AND RAMMED INTO A TREE,M,25,7.0,RIDER,1,2017-03-18,2017,6.0,1
1130,KIAMBU,KIAMBU KWAMAIKO,KWAMAIKO TRADING CENTER,HEAD ON COLLISION,F,42,8.0,P/PASSENGER,1,2017-03-17,2017,11.0,0
1430,MIGORI,NYABOHANSE KOMOMWAMU,KIBURANGA AREA,THE VEHICLE KNOCKED DOWN THE VICTIM,F,4,19.0,PEDESTRIAN,1,2017-03-17,2017,14.0,0
2100,KIRINYAGA,KENOL MAKUTANO,WACHORO AREA,THE VEHICLE KNOCKED DOWN THE VICTIM,M,45,63.0,PEDESTRIAN,1,2017-03-17,2017,21.0,0
330,MACHAKOS,MOMBASA NAIROBI,KONZA AREA,HEAD ON COLLISION,M,A,98.0,DRIVER,1,2017-03-17,2017,3.0,0
330,MACHAKOS,MOMBASA NAIROBI,KONZA AREA,HEAD ON COLLISION,M,A,98.0,DRIVER,2,2017-03-17,2017,3.0,0
1100,KIAMBU,NORTHERN BY PASS,NEAR NJATHAINI JUNCTION,THE VEHICLE KNOCKED DOWN THE VICTIM,M & F,A,11.0,PEDESTRIAN,2,2017-03-16,2017,11.0,0
2100,NYERI,NYERI NANYUKI,GITHIURU AREA,HEAD ON COLLISION,M,60,10.0,P/PASSENGER,1,2017-03-16,2017,21.0,0
1600,KIAMBU,NORTHEN BY PASS,KAHAWA WEST,HIT AND RUN,M,60,7.0,PEDESTRIAN,1,2017-03-14,2017,16.0,0
1830,UASIN GISHU,ELDORET NAKURU,SHAMBA MPYA,HEAD ON COLLISION,M,A,10.0,PASSENGER,1,2017-03-14,2017,18.0,1
2000,SIAYA,SIAYA LUANDA,ESALUWA,THE VEHICLE LOST CONTROL AND ROLLED,M,38,61.0,PASSENGER,1,2017-03-14,2017,20.0,0
2230,KIAMBU,NAIROBI NAIVASHA,KINOO,THE VEHICLE KNOCKED DOWN THE VICTIM,M,A,68.0,PEDESTRIAN,1,2017-03-14,2017,22.0,0
2050,MACHAKOS,MATUU THIKA,KWA MAKAA,THE VEHICLE KNOCKED DOWN THE VICTIM,M,A,68.0,PEDESTRIAN,1,2017-03-14,2017,20.0,0
20,MOYALE,SESSI,PRISON,THE CYCLE KNOCKED DOWN THE VICTIM,M,59,98.0,PEDESTRIAN,1,2017-03-14,2017,0.0,0
840,KITUI,MUMO MUTINI,KWANYINGI PRI. SCHOOL,THE CYCLE LOST CONTROL AND FELL DOWN,M,A,54.0,P/PASSENGER,1,2017-03-13,2017,8.0,1
1930,NAIROBI,AIRWINGS KODHEK ROAD,NEAR RADAR SECURITY,THE CYCLE WAS HIT BY THE VEHICLE,M,A,38.0,M/CYCLIST,1,2017-03-13,2017,19.0,1
1930,BUNGOMA,BUNGOMA WEBUYE,BUKEMBE AREA,HIT AND RUN,F,A,98.0,PEDESTRIAN,1,2017-03-13,2017,19.0,1
840,NAIROBI,WAIYAKI WAY,NEAR PETRO PETROL STAION,THE VEHICLE KNOCKED DOWN THE VICTIM,F,A,60.0,PEDESTRIAN,1,2017-03-12,2017,8.0,1
1720,BOMET,BOMET -NAROK,NEAR NYANGORES RIVER,THE VEHICLE KNOCKED DOWN THE VICTIM,M,J,68.0,PEDESTRIAN,1,2017-03-12,2017,17.0,1
1800,MIGORI,RONGO- AWENDO,RAKWARO AREA,THE M/V KNOCKED DOWN THE VICTIM AND DROVE AWAY.,F,26,98.0,PEDESTRIAN,1,2017-03-12,2017,18.0,1
2045,NAIROBI,WAIYAKI WAY,NEAR KANGEMI STAGE,THE VEHICLE KNOCKED DOWN THE VICTIM,M,A,98.0,PEDESTRIAN,1,2017-03-12,2017,20.0,0
700,KIAMBU,BANANA RUAKA,RUAKA BRIDGE AREA,HEAD ON COLLISION,M,27,7.0,M/CYCLIST,1,2017-03-11,2017,7.0,1
1145,NAKURU,NAKURU ELDORET,SALGAA TRADING CENTRE,THE VEHICLE LOST CONTROL AND KNOCKED DOWN THE VICTIMS,M,A,26.0,PEDESTRIAN,2,2017-03-11,2017,11.0,0
1610,KIRINYAGA,MWEA EMBU,P.I. AREA,THE VEHICLE KNOCKED DOWN THE VICTIM,M,A,11.0,PEDESTRIAN,1,2017-03-11,2017,16.0,0
1800,KERICHO,KAPOROK SEGEREK,UNSPECIFIED,THE VEHICLE LOST CONTROL AND OVERTURNED,M,A,26.0,PASSENGER,4,2017-03-11,2017,18.0,1
30,KIAMBU,NORTHERN BY PASS,MEMBLEY ESTATE ENTRANCE,THE VEHICLE LOST CONTROL AND HIT A CULVERT,M,31,26.0,DRIVER,1,2017-03-11,2017,0.0,0
2130,MAKUENI,TAWA KALAWANI,NEAR LIVING WATER CHURCH,HIT AND RUN,M,40,98.0,PEDESTRIAN,1,2017-03-11,2017,21.0,0
1030,MIGORI,MIGORI AWENDO,NYALAGO AREA,THE CYCLE LOST CONTROL AND FELL DOWN,M,A,98.0,M/CYCLIST,1,2017-03-11,2017,10.0,0
130,NYERI,NDUNYU MUNYANGE,AT KAMOKO AREA,THE CYCLE KNOCKED DOWN THE VICTIM,M,56,36.0,PEDESTRIAN,1,2017-03-11,2017,1.0,0
230,MACHAKOS,NAIROBI MOMBASA,MLOLONGO AREA,THE VEHICLE KNOCKED DOWN THE VICTIM,M,A,60.0,PEDESTRIAN,1,2017-03-11,2017,2.0,0
930,KISUMU,KISUMU TOWNSHIP,KISUMU MAIN STAGE,THE BUS RAN OVER THE VICTIM,M,A,98.0,PEDESTRIAN,1,2017-03-10,2017,9.0,1
630,VIHIGA,KAKAMEGA KISUMU,AT LUNYERERE RIVER,THE CYCLE WAS KNOCKED DOWN BY THE FIELDER,M,A,22.0,M/CYCLIST,1,2017-03-10,2017,6.0,1
1400,NAIROBI,MOMBASA ROAD,NEAR BUNYALA R/ABOUT,THE VEHICLE LOST CONTROL AND VEERED OFF THE ROAD,M,A,26.0,PEDESTRIAN,1,2017-03-10,2017,14.0,0
730,UNKNOWN,MWANGULU MWELENI ROAD,NEAR MWANAKALA JUNCTION,THE VIVTIM JUMPED OUT OF THE MOVING VEHICLE,M,12,72.0,PASSENGER,1,2017-03-10,2017,7.0,1
1500,KAKAMEGA,WEBUYE ELDORET,MUHONJE TRADING CENTRE,THE CYCLE GOT A TYRE BURST AND LOST CONTROL AND ROLLED SEVERALLY,M,A,89.0,M/CYCLIST,1,2017-03-10,2017,15.0,0
2030,KISUMU,KISUMU BUSIA,LELA AREA,HEAD ON COLLISION,M,A,,M/CYCLIST,1,2017-03-10,2017,20.0,0
2030,KISUMU,KISUMU BUSIA,LELA AREA,HEAD ON COLLISION,M,A,,P/PASSENGER,1,2017-03-10,2017,20.0,0
2030,NAIROBI,MURANG'A ROAD,OPP. KAHAMA HOTEL,THE VEHICLE KNOCKED DOWN THE VICTIM,M,62,98.0,PEDESTRIAN,1,2017-03-10,2017,20.0,0
30,NYAMIRA,NYAMIRA MIRUKA ROAD,NYAMAIYA AREA,THE VEHICLE LOST CONTROL AND LANDED INTO DITCH,M,A,26.0,PASSENGER,3,2017-03-10,2017,0.0,0
1220,MIGORI,OMIRIGAMI-SENGERA RD,SENGERA AREA,VICTIM LANDED UNDER THE VEHICLE AND HIT THE WHEEL,M,A,36.0,P/PASSENGER,1,2017-03-09,2017,12.0,0
1430,MIGORI,KISUMU-NAIROBI,AFTAH AREA,THE VEHICLE HIT THE M/CYCLE,M,26,29.0,RIDER,1,2017-03-09,2017,14.0,0
1530,MERU,MITUNGUU-NKUBU,NYANGENE AREA,THE VICTIM WAS RAN OVER BY A VEHICLE,M,32,57.0,RIDER,1,2017-03-09,2017,15.0,0
300,TAITA-TAVETA,NAIROBI-MOMBASA,TALEH AREA,THE VEHICLE LOST CONTROL AND KNOCKED DOWN THE M/CYCLE,M&F,"40,38,45",8.0,"PASSENGER ,RIDER, P/PASSENGER",3,2017-03-09,2017,3.0,0
1730,KIAMBU,SOUTHERN BY PASS,GITARU AREA,THE VEHICLE KNOCKED DOWN A PEDESTRIAN,F,42,98.0,PEDESTRIAN,1,2017-03-09,2017,17.0,1
2030,NAIROBI,LIKONI ROAD,NEAR B.A.T GATE,THE BUS HIT THE M/CYCLE ON THE REAR,M,A,39.0,RIDER,1,2017-03-09,2017,20.0,0
730,EMBU,EMBU-KIRITIRI,MAJIMBO AREA,THE VEHICLE LOST CONTROL VEERED OFF THE ROAD AND ROLLED SEVERAL TIMES,M,25,7.0,PASSENGER,1,2017-03-07,2017,7.0,1
1205,NAIROBI,MOMBASA ROAD,NEAR SOUTH C FOOTBRIDGE,THE VEHICLE KNOCKED DOWN A PEDESTRIAN,F,A,63.0,PEDESTRIAN,1,2017-03-07,2017,12.0,0
600,MOMBASA,AIRPORT ROAD,PORTREIZ AREA,THE M/CYCLIST HIT A CULVERT,M,26,93.0,M/CYCLIST,1,2017-03-07,2017,6.0,1
1230,MAKUENI,NAIROBI-MOMBASA,OLD DC MUKAA OFFICE AREA,THE VEHICLE COLLIDED HEAD ON WITH THE TRAILER,M,4MTS,10.0,PASSENGER,1,2017-03-07,2017,12.0,0
1230,VIHIGA,KISUMU-KAKAMEGA,TIGOI AREA,THE VEHICLE COLLIDED HEAD ON WITH THE M/CYCLE,M,A,8.0,M/CYCLIST & P/PASSENGER,2,2017-03-07,2017,12.0,0
1600,KIAMBU,KIKUYU-DAGORETTI,DAGORETTI MARKET,THE LORRY KNOCKED DOWN A PEDESTRIAN,M,69,63.0,PEDESTRIAN,1,2017-03-07,2017,16.0,0
1630,HOMABAY,HOMABAY-KENDU BAY,NGERU AREA,THE VEHICLE KNOCKED DOWN A PEDESTRIAN,M,A,63.0,PEDESTRIAN,1,2017-03-07,2017,16.0,0
1830,KIAMBU,NAIVASHA-NAIROBI,KIAMBAA AREA,THE VEHICLE LOST CONTROL AND ROLLED SEVERAL TIMES,M,A,80.0,PASSENGER,1,2017-03-07,2017,18.0,1
2045,NAKURU,ELBURGON NJORO,NEAR KANANA FARM,THE VEHICLE KNOCKED DOWN A PEDESTRIAN,F,39,29.0,PEDESTRIAN,1,2017-03-07,2017,20.0,0
2200,KAJIADO,ISINYA-KAJIADO,UMMA UNIVERSITY,THE TRAILERS SANDWITCHED THE VICTIMS,M,A,26.0,2 DRIVERS & PASSENGER,3,2017-03-07,2017,22.0,0
730,MAKUENI,NAIROBI MOMBASA,KWA KINYUTI AREA,THE VEHICLE RAMMED INTO THE CYCLE,M,40,29.0,M/CYCLIST,1,2017-03-01,2017,7.0,1
800,NAKURU,NAIVASHA KINANGOP,KINAMBA AREA,HIT AND RUN,M,45,98.0,PEDESTRIAN,1,2017-03-01,2017,8.0,1
1000,KAJIADO,MAGADI ROAD,BANGLADESH AREA,HIT AND RUN,M,24,39.0,M/CYCLIST,1,2017-03-01,2017,10.0,0
1800,KILIFI,UKUNDA BEACH ROAD,ROCK STAR HOTEL,HEAD ON COLLISION,M,35,10.0,DRIVER,1,2017-03-01,2017,18.0,1
1800,NYAMIRA,KISII NYAMIRA,TINGA NYABIOTO BORDER,THE VEHICLE RAMMED INTO THE CYCLE,F,A,98.0,P/PASSENGER,1,2017-03-01,2017,18.0,1
2230,BARINGO,TIRIMIONINI KASISIT MURRAM ROAD,MOGOI AREA,THE VEHICLE RAMMED INTO THE CYCLE,M,18,98.0,M/CYCLIST,1,2017-03-01,2017,22.0,0
930,KIAMBU,THIKA SUPERHIGHWAY,KANDARA FLYOVER,THE VEHICLE KNOCKED DOWN THE VICTIM,M,A,10.0,P/CYCLIST,1,2017-02-28,2017,9.0,1
730,MURANGA,GAKONYA MUKURU WEINI,KAMAINDA,THE VEHICLE LOST CONTROL AND VEERED OFF THE ROAD,M,A,26.0,PASSENGERS,2,2017-02-28,2017,7.0,1
1230,TRANS NZOIA,KITALE KILONGOLO,NAMANJALA,THE VEHICLE RAN OVER THE P/PASSENGER,M,A,98.0,P/PASSENGER,1,2017-02-28,2017,12.0,0
1850,MACHAKOS,DEVKI MAKADARA,PEPE CONTAINER,THE VICTIM WAS TRYING TO BOARD THE VEHICLE WHEN HE WAS RAN OVER BY THE VICTIM,M,A,72.0,PASSENGER,1,2017-02-28,2017,18.0,1
2030,KIAMBU,THIKA GATANGA,JOGOO KIMAKIA,HIT AND RUN,M,37,98.0,PEDESTRIAN,1,2017-02-28,2017,20.0,0
845,MURANGA,SAGANA-KARATINA,KAINGWACHI AREA,THE VEHICLE KNOCKED DOWN A CYCLIST,M,61,29.0,P/CYCLIST,1,2017-02-22,2017,8.0,1
930,BARINGO,EMINING-OTERIT RD,OTERIT AREA,THE UNKNOWN VEHICLE KNOCKED DOWN A PEDESTRIAN,M,31,30.0,PEDESTRIAN,1,2017-02-22,2017,9.0,1
1250,NAKURU,NAIROBI-NAKURU,MARULA AREA,THE VEHICLES COLLIDED HEAD ON,M,A,37.0,DRIVER,1,2017-02-22,2017,12.0,0
1730,MIGORI,NTIMARU-KEHANCHA,TARANGANYA SHOPPING CENTRE,THE VEHICLE KNOCKED DOWN A PEDESTRIAN,M,J,36.0,PEDESTRIAN,1,2017-02-22,2017,17.0,1
1930,KIRINYAGA,KENOL-MAKUTANO,WACHORO AREA,THE CYCLE HIT THE STATIONARY VEHICLE,M,A,37.0,RIDER AND P/PASSENGER,2,2017-02-22,2017,19.0,1
2145,NAIROBI,THIKA RD,CAR WASH AREA,THE VEHICLE KNOCKED DOWN A PEDESTIRAN,M,20,98.0,PEDESTRIAN,1,2017-02-22,2017,21.0,0
2039,MAKUENI,NAIROBI-KANGUNDO,MAKENZIE AREA,THE VEHICLE COLLIDED HEAD ON WITH THE M/CYCLE,M,36,82.0,RIDER,1,2017-02-22,2017,20.0,0
139,NAIROBI,WAIYAKI WAY,KANGEMI STAGE,THE VEHICLE KNOCKED DOWN A PEDESTRIAN,M,A,98.0,PEDESTRIAN,1,2017-02-22,2017,1.0,0
